insert into auth_infos(id, email, password)
values (1, 'kerezbek@gmail.com', 'kerezbek'),
       (2, 'aruuke@gmail.com', 'aruuke'),
       (3, 'mahamatjan@gmail.com', 'mahamatjan'),
       (4, 'argen@gmail.com', 'argen'),
       (5, 'nurislam@gmail.com', 'nurislam');

insert into users(id, name, surname, auth_info_id)
values (1, 'Kerezbek', 'Aibekov', 1),
       (2, 'Aruuke', 'Sartbaeva', 2),
       (3, 'Mahamatjan', 'Islamidinov', 3),
       (4, 'Argen', 'Abdymomunov', 4),
       (5, 'Nurislam', 'Bakytov', 5);

insert into roles(id, name)
values (1, 'ADMIN'),
       (2, 'USER');

insert into users_roles(user_id, role_id)
values (1, 2),
       (2, 2),
       (3, 2),
       (4, 2),
       (5, 2);

insert into workspaces(id, archive, is_favourite, name)
values (1, false, false, 'Peaksoft House'),
       (2, false, false, 'Makers'),
       (3, false, false, 'DevX'),
       (4, false, false, 'IT School'),
       (5, false, false, 'MegaCom');

insert into boards(id, archive, background, name, workspace_id)
values (1, false,
        'data:image/png;base64,iVBORw0KGgoAAAANSUhEUgAAAKYAAAEwCAMAAAAKHvqvAAAA51BMVEX////nbwBTgqHnbQDmaABOf5/magDmZADmZgBJfJ364dD+9u3pfzBKfZ1GepzpdwDsj0SCorj0wZ7zuI7///34+vvv8/bwpWvnchT417/s8fTk6/DM2eLyuJr++fNZh6WPrMBvla7vo3DQ3OSctsfb5Otkjam6zNhzmLHslGD307j65NTpex/87+Snvs2Fpbu1x9Tsk1T1x6fqhTmovc2XssTxsH/31LrriDLtmVzytInsj0rvoGjnchXoeir87d3wq4PqgyXtlUwwbpPvn1j0wqvsk1n428/qfxTyu6DtllzqhUH1xqH/8UeVAAAU/klEQVR4nO1daXvauBaOLS+YxQkEaFhqs9qUPQGSJmGStrN1mvz/33Ml21q8YUMIcu+T98t0ghEvks7R2dA5O/vAb4gZbwLpUJnwZpAKjYsqbwppMFMueVNIhaer32J7XqgPvCmkwVaaGrw5pMCtJN3x5pACD5Jyz5tDClxKQOHNIQUeJEF95k0iGbeSkBvzJpGMT4ogfeZNIhkXQJC+8SaRjCIQlB5vEol4voI0t7xZJKKhCL/DbH6WhN9hb34Hwm8g6QVVEITcDW8aSajANRfUPG8aSfgKEE3eLJLQQGsOvvKmkYDqNVRH2ZcgdzJBxremsUI7Ezzx5pGAByTmQq7Cm8du5IEzmULGHeAiYpl5u6PnLDlQsh1EGiMph9oo29aRuzGhNsr0znyeOiyFXKYDXbOp4rAEU95MdqFw7rHMZfkAMry5FKRb3lR2YLbyWCovGY7F5fFcAiHDKrMhuDKebd9inCMsP/HmEo9LFbNUVry5xKJ6mxMwy2JmxWd2LWGWYLpbfAqNxolIhZCfUpbnu/S6cbP9ixvLG7Itd7o/xvhW4acDqltVICyl2BVv3Kuq2uOWH3xeSZRlnFp/rkwlKbfid86P8cmDZHwaycNo3F9JQLqqcNMA1Uui05EmimJpvL7kFACUe35WsnFPt6UgrSKIGJdTJF+KwDGlMaF6CJ6Q12HxMC4lNNtAveeo8W8AXXCQCztoRkWQ0BNcp7L6IDEsQSjAYVSenAeAdF3gwc9j0VMZlkLoaGmsXOFSBJ5G3eyCmBqQynlQXRa2ngaQVjwN5Nk51ZZCbhUUkFfgyhZQP/EsS5n4hCcYKipce1MJANfM6kRgWErBgg5iLklFrh7R5JxhqQRFnKgp6ZprdGZyxa54cFlvsZrK8VTpSHpYlsGaky1WAJzdtgLLEgTV5T1hyTfqUV1RTQSUwIpXt1I2WJ7dMlo9FBrsEZb8rHQHY9ZwC+rLCpYe5ZEvy8KU2ZjnAUnOY5ZA4WhrIPQYtycXKDGqkpMpx83FdcGePlJwY97ir6BccyFHsWW8s5fA9ptg2QIC5zhxgU4mUIILS74C98m8oTtT+RV4baJkZWee/aBrHiqOIDsTnPNOBzFrHlSMxgsgL3EOG1apag9loPNEGylfuJCjKFCaanBhxzQImx2a4Dz4GtX7GaIZTpRf0G0b8t9ODUIzXBCzYuKwvFNC3zEXKRQhKO44RU+NnpKGJlhx/sXIWIqlyWh+IXSOnhjkTA/T/MTQ5F5xhucsLEIVxvfgXkXewGnokELKM9GasF1/YlS9kxv8DL5SeALsdHL2K2+8tVVDzs49szkFIPGVouqjVxXzGnylwbicKG/Jd9nzLhsllA4wiuyqCxLnX+B4NoYUsn0vWVmP0lknheHqzlBQ88w4900nEPj+BGfspiemoems+KeT9/Z0lz1cWlYVfNMZjt2cFm5MDoR/Q9nwT6eg8v293cyJFkvhMOtW8tEM+XUnxh3yyYESCm6wgTBnY3A2lRxpAd9Df2/4tyf3ot1eLlKKzm78ZxH3Sp/rXHRdxyXLk3+lXBXVHUUFhX1iFN6+p0bhUYr0ztgUgiD9y4GZH6hUM6roiA3V8p9NN40FiuFlv5WyszcRZpBHRG37jOQKQZFzqsDF7KciqGEVTtz5rPzse1ZUIqKud1gphRKavDD7roSXvZDLinYnQDyDc2b8dDenmqFfCxnFXND+NdyQWJQW4AfjWg0su+EaSmoWtBGFsQ3cPFBwIiCZ+4FY9fbC9/8TNdpq5o6eT3leotM+heVeq/eXg05nM18Oa+9GzYcxQwqliKTkAHxr3dV1TZPlUknTxbJ9BBb1Yb+9HCxG83aKrw09t9yPpLlsjv780xqNLF0viQiyLi7fwrDZXy5MWdP17ryf7h0Xipq4L1vljV1H/6i1N6bmEBU1a3ggxfZgZJY0TbM6y2ba7XOTC9dIhlBjRqsvRdmdUXH/la8N1yNTh1tHM8vtevr3zcB0b3+yNSp5E7rnwrcGll6C31HWunZzr3d+P6TirLbweOrtPd607MJphG8q6Yt9t8tfBwbiyh5PMe3CtTqy5u4VrbPfREJF3zjUDq6bLstSJ9XjrY3oCZ4o7rEAHtLYGvVoWVx6Hyu3kodobkw8+WLpGAqXRa1eHy47g7gTx/tYbZ04UJ/OJHz+QC0WybDVnneQLrfiV6jjaaVu0mAtXaYsRXnHkGlRb8HDq9w14alYkmW9u+uAaHvraCYJxFIXfdDMdT/FTgmg1mwNh317veiK8MjWED93EyUo76FHU05axbpV8vMUoeq0RoN5e9hq1mu1WmBXob/U6ogV5NW214NOeWRZJpJZGdkUdGFkdJAlqJqm97yWeCbXy1gXsYuPpkQ0Lavb7Y7KFKNRFwHyEmVo48Bpg8zkqLeLVnk5TNSH6WlCIdpYEUy9KYlG5MMeQVk0y4N2MkWEoZxy0b3H7YXsGoKxBHYCrTA0qHRI0O7vcT7YnpYx04tDbYhEALLVHRFIYuzMaqlUgs+XrNFisLQPED2skEb7vrHWHELB6CzKoy4UDNNEtP1w5hxu21F50dmsbbi8h3sLeGvODx4ByjNCEwp120V/OGy1mi7q9aAKOARtrA33X4dTYuRp1w5vIjthe5OpZXoym54dp7/Jb3t3eFZxst2xE/U9nKFDsHZ1pmzta4ezaA6SzuM3wtPssvkG23HYKZnvy3Koe4dEykBABFojXd7H3TsAfe3NLAfIDkk0VN+EtqcwD9+XNdfNf5u7kSB+S8+LXRx+kg285egepnNr9Za9KVs7Q0Odkis8b9GX2IGTxfWeROtDe95BXgayr+I96aazXLI2esvZU/uTmGqaLo460ATqt3YuYa0FnSA4gZrro+F365voFbXRI7JuvlFEy6xvBC1KzUHJ7JY7g/nStl1rybaXS+QHdU335VLYPNXkZZhorawjkt0365G6qQU/EJvBmsfZg+MHRT7rvUMzBwFJbpsyImkfwQhslg91NfzfSjNHA3/0sbXQUEiyf6Sge39UCnrF+1FEjmWnHRCR2hxKl7WvXO7EsKPpMc5m0hxCSbIGQYoQtvin3jn8zIlluiyXkN+Tkp7DT+x2lhEM0WimuHmv47fWXw6QonElObhjXY/dcXxF5Fra/XjfrWa/t4Feh67mcr5ZjLpeDAYCepyWZaF4CFRSdhtFcd6ZRXqgyBFBs3kU1/IDH/i/x28hJ/35O3vBR0BzbYrv6hEdA/UNtNQOD+idCEOUOpDLvGkkYOimu+VOaw8ZQnUcnff17wOwPDujpI3W7RQbtDZsrxfISilpeyeQD0eNJrVkFF23XN9tGHTe6sO2vRw4EXvirsn64mTxyrBBif2gkumYRtBgErFTFDLx9k/JHwg72m9jDM3d3pp4NI9nNwY7eKaBrFvHTnpHYvkm/7IkW8vT7NBWWT/Qvyzp8uZ04n7WGsTlMuMha7o5OCFHB3W7Y+ppVx9qA90sz9+VI0qSN6OquOptJ8q2myv0MKF7WZ7339GgqrXsQXlkmXIJzkXU59RabegIm/ABN+cqE3KocrAkmlD7Q//8PW2+9mAk646vXUYFCTvCvLUW9IQ3iwVyhUUdkeuOFk5u9TBrL7VerbXLulMRp5VPpD182KQK1Qw3qKxDLJXKx4jjHYC+nngA1JcjGZ0zJXPALa/Z0uTd26W2tByFKMsbjl7EUtN2GqfDkVcj9ZZE3JvRMncXzAzw0aLzzGP3TVnb4cPULWL76KcjFcSwrEGW8aJb61J7ohSTE3lv1O0ROiR2ffqatSO17vLU4YJa0+5YSFePdslFres7m6EFtLBPxrQ2tDtdtzg/ITFUGwVNCGg0QOfxnamiPGHZcvw69IGhVEEtKMx9PWzqIHfMXCwPPZx30Wv122s0g5qbbICmXqkcTr7Vwi5e24ogKrrJHNMqr23o5qYuy4+CUzaJKsPKXVSYSB1Pp1Iyaou1RhFVKXW7LMYZ5U7eRBOtbnmxGaAEZX+IKrgi6jg9SqiYE1V+tYb9PnTZ15sFMglFzUsDs0KAKiWjBqktxZjDvWUvLCjn8baujP1yXddllLbojtgyTl89p8PKKZ4rRdYAysgijS/mbHd1rROzMGdOwGLZ6Za8+sIYugztWOx4E/qaWncTndHCJGWtm7zHoJJYbsoWohuVbT4IaClQym0xWO6MP7XWIpSTNCwx2Vqzb6MclYUW0Im3JFdwBrl5KTfZgkY95Jfw4S17JKLYpNbZX14dKe3by4FTwIkqOEWnhBilA72MIAP4J63k5GBNJ7DUcWpNU6Tcaq35yHTEWHt7BTuuyIYSvJzP54PBptNZLLD0LDqdzWC9RMpgONwnHeiclq6qKYnrTMb2m+1BFzvTUEdlMAHRaq/LMsl8wxOzG1EKwhHQcbY3XbgNS8S/17TR8vB6LrvdOmLGuVZvocIkeCiVKENkP0Bdv09EP4TmsguPyc3c7jdjDscU5JDgDduOcpMDR6aM6oR2Kfs9mI6ckw8qP6hf1rYbcE/WMHVkbaAjHU6eFjrZ3KMXzuI+pftJgJt9YZIid++/Ij7YkSLyNNMIVSxYzg8y3WcD9oaINb61WNvv81vauvOLVcv9UYEWUOusno84jFAADFEXUQIkpkblmHD3GTqUyk6ph6NIvIlzTiYEz5CCdpDo2lLlzmaNjqPjlPDvz9ip9XB+J+TUyM3na4j5Ep5E7i8M0E8MMlSc8oEPfOADH/jABzICI48xydK9QEHkVeBCecrE/V8xIDQzck1ZDPJqtm5Ti8EHzWPig+Yx8UHzmPigeUx80DwmPmgeE4k0Z5OGg8lxv4WBx31ONe4OmsZk/Oni6UoACgQQrp7ux/5bzZ4rBFF3Bd6RV/33AhfylfvV9EpQ3HH/KH6iV3xNLivjRv5sHLxJOI7mbLxdAdRbGvfpQJZz7mrLXqr5DHIe1KgLz76q4Vers9dfRYkZF/1Dyj3dehNg/H1f2H4yvgbvbY6kWb3bCmgoIQigSLeML0KaHynhe4GZjl6k7Zhx8w/66qFhBSCde1/l39uz7WXlIQ3N8VSNGst9LHdBF5h0cwDT8A4zyGX6Kn5c2DGudzHiv5/Ofk1+NkJtZqNoqjFjOZC+Ep60z27E9cV58h1wK5VPUtyYzhDO7fCz/FnjLG+k2Zsz8umOL6cowLf+tBcCbkISueqkG5GCL5C8oz2+osbddU1rFE23Fxza2sL05frLly+PRcC2zaZ9jmhvu1Vo1T+Tpkl/46+Pdivk54z7T3jccBeGnTTPegqQlOnjQ2Mycxa4WphUinRbKY/4wQltLha6jBw3n6HXmBuP8KuDpx+X/9JxL4v04vVwj5DdNF/V84fgdYXVCtPkDn9tgzRJkIK9eqo/sSaj9xr31O+VfPCW4x4RNXC1H81C5BWaVLJog5ZveC7AU5AmGZjewzuJbJhCu8zG3w+/z5l+Ta4eJwJDpCJ0Qz3p5LNjKT3QJYm9FnMfmg2iAMgE0QarUkBOK0SCEq/Qp4/GtnTbh6bxB95utKkU6dIU7B+Gb32PaEoT4oC/a+RhtjdN0nKPaW14Q88a3/sN8mxyT9Mqvm9f+fFeNGm/w5xvYxVIe/IU7brIKl3EPbEXTdwkjm0U+ZUcRL4r/YlshdqdRuDq/WmS/Q8UViPi8ylV69UT0KR9MVSmuV31Gm+3UDMvPjRp80VWTmdYF6ZqG3mMvVlojG8+f/7cgyiGRYg1P5jb/okVF3+H/nPjpvLff2jYHpbCA2kajcsLAF0FCcJ1XCJo5ontwEgL3ZpRaz67e/iuuuM6DtFbaFbz2z8UKcLTCNAkGpLVPS/xCtto/LiSpKhhD6HZeFTiPQJf51rSZQS84FV/xkKRC57Sxk1Rih93X5qFbfxgQZoNan7gjdjA+zXYA3GyysUPuzfNicC4LcjedhG5N88KpL8dEWuiEgL9scYq2/ZSCY27H807Mhr0zdWfj73PDv57iZJ0dtVX3l9It1O/2VTxjTu9xuMepjepxlbAl9dClQhrpN5kzA/cUCiP5dzfE3hMFlwSemOD6oCD9KbxSBrpXvu1XgzNAlk1z67F3hooso8RuQLSrf8EPWg2ySmduw0ovRia1A/2PgebI37DnXTvCon/QTTxOUcdyASajPmRQyoJG3f+NX/GqiNs2h1C8y7eO4ij+UydOdTFB7eMBC/sapCdIITCd4fQ/IaHm4YejqN5RlXSZ2QdeY/52+DhnaCEu2gcQpMMF+5cFUvzgaz6I43tAOATFNJqKuw+HkJTitz/u2nmqT6k+kn5h13zGaEZ7il3CE38hwirIZZmlbja0HD7hdfc14WXfFBE+8g30Qy7ebE0aSvtXGUm4DX3icp4x6Ifot7JH4TQw9exNImtoXx7xWvuX418/NcnXVr3oUnjGIHVMWjoIERzhntUgxXuWR+IzM7o1w8opNnXwOmQiiZ9k1+954u0GWCIJtOjOto8oaskSN/YP1dvrvaz3r0vSVsTsoflrMcGTMM0bwJta8O+Gvn6Phd0cs0YoPE0qU2L+0A1qKmpXrsLV21sfW5BBM1ZoAswUIL++Wdm3J57iho3j6qvU3gsTRr5Iycb039WyYGLH399l7wsCYhbUPhNfrGfF3U4PEvsuMKPHz9+qjmsFJJojomtSHbiDZtwQKF8msHydmAEzUDv56iGnL3QuJj0k5dgiqf5SmiSyFn1Pjoxolw1ZlIsTSLJ3tpEPPGkRA0LpOLM29nxNC+JwqOrVHiJ4Amk1czpCBpDs/qV3ZwROhyKqxDBEyhbA6ca4mnSHpmM4VK4UEFgsJyC3BrPJ4+iSc0PgVEbAZ7ToF8J1Cky/TxrJZ7mF+JQ+BTIzTnN28FtpJ5XXAH7pSJPMBc+oJBqkwjUuMjRA5OzBEBSV+6sF6ZOZEX9GvO2AglZBA6N6rhXlJwUrgpWPdLFbvxw6SCSwiXBQ2yTO+P1yzTnjnv++A3LWfXVfd9rzLueqRMZikMas8n47m7spZqOhmphlh9DTArpx6W+a6ZrKF7IZMYmETIAkqX1nbNZg0FcLXCemS6zIRAXMIMtRymqTO41MqibCVR7tFggaKhnB4ULatLkUmTC+GDMmAG5bUaX3LhnbNTcNqtSbjxS9yt3m1WWjMZUwIGNMk8D18ID6sUBPUdPiTwAQP2elUbs8bjJFSsZlXAfjlw4+oEM439TeNUOxyhMjAAAAABJRU5ErkJggg==',
        'Java', 1),
       (2, false,
        'data:image/png;base64,iVBORw0KGgoAAAANSUhEUgAAAOEAAADhCAMAAAAJbSJIAAAAkFBMVEX33x4AAAD95R+RgxJ/cw//6B/74x//6R9xZg764R7s1R3ZxBq4pha7qRf23h5jWgyWhxLlzxzPuxnGsxijkxSbjBNaUgtIQQkfHARpXw2JfBHq0xw3MQc+OAgoJAXArRcMCwEaFwNORgmwnxWDdhDfyRs6NAermhVSSgoSEAJ3bA4wKwYxLQagkRMcGgMlIQUEVGCqAAAG8klEQVR4nO2cbVviOhCG22BS0kKlRUDxBQWVVdez///fnRZXhXaSJqUlca/n/uAXaM1DJslkMpMgAAAAAAAAAAAAAAAAAAAAAAAAAAAAAAAAAAAAAAAAAAAAAAAAAAAAAAAAAAAAAAAAAAAAAAAAAABqpGCMF0TlH8aEdN0gAkYhTJ6UjLNsPDubL94eXh5+L+Znk1EiOPNMJbu4Gta42jRLFNH19jyss54kzCuR7IxoZThgTY+xzYJ6cMflJOb+aGylkAUzpbwPhhk/kYBGWiiUfNugr+QxMBrM/WOvkGW3BgILcj+60VphtDHTV77FC4m2CvmjscAwnPuwPloq5FcWAsPw1gOJdgojO4GlxNPKIbBSyJeWAgtDdT4WbRSysbXAYtWITi2p2mpzhTJuITAMx03+Uc9YKIzmrRSG125nG3OFYtpOYLh2a6fmCvnvlgrDjVM7NVbYugsLYgfCvjBWyFuOwoJl6kDYF6YK5bVawc1wMFhe3ag+TdwuiaYK2YVK30Uc7SIfUTyiNh0z7titMVWoMtKh+A5ZCL6qfrzIHK+GFn1ICxwcrgQsPezGTfRjPG+ZkALPq0udFOu9T2PnHRgYKxQjUmFc6yIp7z4/XHnQgYGxQkaGnobELCmyj89eAx86MDBXSG7tR9Q0yco41WXuekvxhalCcuubkGbIF+FAuN/5fmKokFPh7TAjFcrE8Rp/yFEKn+ipRHoxw3xylJXm/tiiGlOFr9TX3j2ZLrWYKhxQX7v1ZsLUYKrwnfrajzBTU5+m5lPvuPRrUiEx9UufSIXh2qvDUBLj3ROtMHz2wrvWYazwl0JiOIr8HozG+0N6qtlZauLHJkKBcZxGMRB3nCce96N5rE0Vadoxz7mv49FYIWs4vP+9EX7OqxbnFnqF5VPXruNqFOYK2aRRYnie+6fRog9Fs8LCVR0xzwakhULDA9L7C+mVRpsz4IjcBhNMUo80Wp3jpy+GEsOJP/1opVC77FfY+pK8Z5dtwnJziXc/M+uL2ZyTDr0YjrZZXza9GIZTD8Ic1pl7LLu0kPjo3pOzz74UgemiUXKbupbYJkfYIgGzcACyH3IGfPhQbJO28OR2vmmXyS6j1X8WEp32Ystc/UCoUxfq1A9ST0hbhcWTsilh/4tnl3baXmHxrLgwdFSXDt2bYxSWhSXjZyOJDsP/xyksi4OSoYHCN3edeKzCMk8oNohvuMtPPF5hWcQmNk2pmX+cdWIXCoPSWPMGJ2DqaiR2pLDU+KQdkOeuOrEzhWXFV6bT6CrJtEOFpTOXqKu+Vo7MtFOF5cSqPKN6dDSbdqwwCDidxVjsFB0NxM4VBkwVkPtX+rB4JZ3VoMgR650eFKqKa6b/jkJBx+PIXM3+sVYoRfPCRiduXPQ7EFUWQiesTVSNkVF+d9Y4KdKJG7M+FQqmipXQSYeqxrDrMpLYuNljpG+j/Nk6gBeuhqIT+ZpqzJausBQf26SXpinD0jCOhgXlWFOUjvN7qjHUpCCj8WfMolaEUH0pOZn2ZaWS/y0kIJcjRV0oYYf8ae8ijIleYkS+tKdN8HfDyEJHRc5hLb2ZpYeGt9HNNorVohfXm4m96mtqcHF6v1NtMq8FR0caiYoVn87sP4pi5Bz+i9qPqDDSO374mvxP/TvvSkNldH1NDxtEnlWXpeuqxIjuwit28Bq6S4aKmgrVCeOfrs8SBZGafV+plVMdIu1nqEvlLQMPUyJfr2o337x2O9HIaEUvA3uNUu9W982Zdgk+WOeVW6EEz5SHi926pVJhWWG4WAm+K/nkqTpcvf9r6+8ZeJslrHyfEGUVabrSHJ52W+7MdBdYzB8nk8FQc43OoT015rP9epxtR6Pt5FV7M0/XF2SkDa3SUtnIsbvmR5rpejXUJC03cl/5tYUq8mLDZecODbPJmDik5j9y44NCNd27bArPyYT6ytz2zo9v+jh7srrQaR+qXEtqk7wNqLtTHcDeWrWFHDAyNs5KJOnnDFh3z4MGegMvYtKBMGTRUzDYLgXtL6pfW8btp66X3vKirBIJP/il/LVFanjVXp2aw+9Q4o2mLZKT0ZdGXnoUWEi0W6xvlEHHHZFi46flNu03ECxii3m+8RJAFisr2FQse0+/lFon/ICG8NLubd/xNiMuT5IJzTXnsnsYXgVklc82M7uQ+GgEHxNxlgob48YwsTHbbJyy6kLwlXYAPW+sSnlYlJPnOfusT10dJHj2rrja+GaQWJdjCSamS3WS0HzroopNMp5OJ+cHia/38+U4bnkBd/G+eDqrhQrWZ1uXd3oXrYpYlkxXBdMkExE/7hZ1yYoXxk/5ajwejcfTPEsjbnjdeZ9IKUWB7OyyACl2Lyz+uk7LBwAAAAAAAADwM/kfhxtVgTv2oC0AAAAASUVORK5CYII=',
        'JavaScript', 1),
       (3, false,
        'data:image/jpeg;base64,/9j/4AAQSkZJRgABAQAAAQABAAD/2wCEAAkGBxEQEA4QDw8TEA8OERAPDxAOEBARDg4OFhgZGhYSFhQZHioiGRsoHhYUIzMkJys6MDEwGyE2OzYwOyowMDABCwsLDw4PGxERGToeHyctLS0tMi0vLzEvLy0tLS8tLy8wLy8vLS0vLy0vLy8vLy8vLy0xLS8vLS8tLy8vLy8vL//AABEIAOsA1gMBIgACEQEDEQH/xAAcAAEAAgMBAQEAAAAAAAAAAAAAAQIEBQcGAwj/xABIEAACAQMAAwkKCwcEAwAAAAAAAQIDBBEFITEGEjJBUVJhcZEHExQicoGTobHSFRYXJEJTVHSywdEjMzSCkqKzNWJz4WPw8f/EABoBAQACAwEAAAAAAAAAAAAAAAABAgMEBQb/xAA1EQACAQICBggFBAMBAAAAAAAAAQIDEQQhBRIxUWGRFDJBcYGhsfATFSLB4TOi0fFCUnIj/9oADAMBAAIRAxEAPwDuIAAAAAAAAB8rivCnGU6klCEdcpTaUUutlpzUU5SeFFNtvYktrOTbpNOTu6reWqUG+9U+JLntc5+rYZaNJ1HuRirVVTXE9ZpHd5Sg97QpyrPnSfe4ebKy+xHn7vdteT4EoU1xd7ppvHXPJ5ts+lS2qRjv5UpxhzpQkodrWDfjQpx7L95oSr1Jdtu4y6+n7ufCuq38s5QXZHBh1LyrLhVakvKqTftZ8GyrZl1Uti8jE5Se1+bLSk3teeshVGtkmuptFWyrYBkw0jXjwa9WPk1akfYzMobp72nwbqr/ADtVPxpmnbIZDjF7V5IspS3+Z6+w7oVzBpVYU60ePV3qo/OtX9p7XQO6e3vPFpyca2MujUwqmONx4pLq8+DjLEZuLUotxlFpxlFtSjJbGmtjMM8PCWxWZlhiJx25n6DB4/cNuo8Ki6NdrwimsqWpd+gvpY4pLVledcePYHPlFxdmdCMlJXQABUsAAAAAAAAAAAAAAAAAAaLdnXdOxrtbZKNPzTklL1NnKGdO7oT+ZP8A5KftOYM6OE6nic7F9fwPfbgdCQ72rqcVKcpSVLfLKpxi8OSXObT18i6We1ks6nrT1NPY0eX7n2kI1LVUc+PQlNSjxuEpOUZdWtrzHqjTrtuo7+0blCypq3tnL93ehIW9SnVpRUadbfZgtUYVFjOFxJp7OLDPKtnt+6bpGMpUbeLTlTzVqY+i2sRj14y+zlPDNm/QbdNXNCukqjsGyrYbKNmUxBsqyWVYAZDYbKtgGRo2/lb1qVaHCpTU8c5fSj1NZXnO90qqnGMovMZpSi+VNZTPzyzu25mWbKyb2+DUP8cTSxaVk/A3cI9qNoADTNwAAAAAAAAAAAAAAAAAA8z3Qv4J/wDLT9rOXNnU93lCdSzcacJ1Jd8g97TjKcsa9eFrOcvQ119lr+gq+6dDCtKn4s5+Ki3UyXYjGtbmpSmp05yhOOyUHh9XSug29XdlfSjve/Y4nKNOmpvz41eYwHoa6+y1/QVfdKvQt19kr+gq+6ZpKDzdmYY/EWSuuZgzm225NuUm23Jtybe1tvayjZnvQt39kr+hq+6Q9C3f2S49BV90trLeRqS3GubIZnz0NdJNu1rpJNtujUSSW1t73UjXNkpp7GQ01tDZDZLZVsEBso2GyrYJDZ3bcv8AwNj92ofgicHbO8bl/wCBsfu1D8ETUxfVXebeF2s2oANE3QAAAAAAAAAAaXdDp+nZwTl49Safe6aeG/8Ac3xRJjFydkRKSirs285qKbk0ktbbeEl0s01zursqbw66k/8AxRlUX9UU16zm+ltL1rmW+q1G1nMacdVKHVH83r6TXs3YYRbZPkaU8W/8VzOnvdxZ86p6KRHx5s+dU9Gzl7ZVsv0SnxKdKqcDqPx7sudU9FIfHuy51T0UjljZDY6LT4jpVTgdT+PllzqnopD4+WXOqeikcpbKtjotPiOlVOB1f4/WXOqeikR8f7HnVPRSOUNlWOi0+JPSqnA6jpDdzZTo1YRlU306c4RzSljfOLSOWhsq2ZKdKNPYYqlWU9obKNktlWzIUIbKtktlWwSQ2d53LvFhZdFrQ/xxOCneNzP+n2f3Wj/jRp4zqpm1hOszP8Nhy+oeGw5fUa4HlFpKvw5fk6/wYmy8MhyvsZ9YTT2NPqNQIzaeU8PoLw0nUT+uKa4ZerZDoLsZugY1pX3617VtMk7FOpGpFSi7pmu007MAAuQYmkbuNClUqz4NOLk+V8kV0t4XnOQaRvp16k6tV5nN56IriiuhHtO6TeNU6NBPhydSfkx1RT87b/lPAs6GFhaOt2v0Ofip3lq9i9QyrZLKtm0apDZVslshsAhsq2S2VbIJDZRhlWAGQw2Q2AGyjYbKtgkNlWw2VbBIbKsMEAHeNzP+n2f3Wj/jRwc7zucWLCzT1NWtDPR+zRqYzqc/Q28J1mUIyCMng+w7gIyMkEEl6NTeSUlxbenlNynxrjNDk21hUzBdGr9PVg6miq31SpvtzX3+3IwV45KRlAA7hqnLd3lzv72ceKlCFJdm+f4/UecbM7Ttbf3VzPlrVceSpNL1JGvbOvTVoJcEcio7zb4hsq2GyGy5QNlWw2VbIJDZRslsqwAyrYYbAIbKtktlGwCGyGw2VbBYNlWw2QQAAEu16kltb5ADJ0bYyuK1KjDhVZxprH0U9supLL8x3yulClvY6koqEV0JYx2Hke57uTlbLwm4jivUjvadN7aNN7W+Sb9S1cbR6W+rb6WFsj6+k4mlcWoU3Z70u97eR08HRazftGNkjIyQeROqMkZGSpUkkz9FT1zj0Jr8/wAjXGVo6WKiXKmvzNjBT1cRDvtzy+5WqrwZuQAerOecLrT30pS50nLteT5tlqsd7KUea2uxlGztHFDZVsNlWyCQ2UbJbKMANkMlJtpJNttJJJttvYkuNnR9y24aEFGreRU6j1xovDp0/L58ujZ17SlSpGCuzJTpubsjwujtC3NzroUJzjz8KMP65YXrN7T7nl7JZc6MeiVSef7Ys6fO4hDxeTVhbF0Hxd8+KK87OTV0tTg7XS7k2b8MCrZ5+Rzh9ze8+tt/SVvcK/Jte/W2/pK3uHSfDpc32jw6XN9pi+dU9/7WZOgrd5nNvk1vfrbf0lb3Cr7md59bbekre4dL8OlzfaPDpc32kfOae/8Aax0FbvM5n8md79bb+kre4Pkzvfrbb0lb3Dpfh8uavWPD5c32j51T3/tY6Ct3mc6tu5hcN/tbilBctJTqPsaiew0BuNtbJqok6tWOvvtbDcPJWyPXt6TZyvpcSx2mNVrSlwm37Ow16+motWjd+S/nyMlPBKLvb7mTd3mfFhs45GGRkZOBXrzrS1p/0b0YqKsiMkAgwFxkgEZK3JB9rN/tKfWvWfDJ9LP95Dyl7S9F/wDpD/peolsZ6EAHszlnE9O0t5dXMObWq48nfNr1YMBs9Fu/tu931R8VWFOquzev1wZ5xs68HeKfA5FRWk1xZDZVslsoyxUMqwyVFtpRWZSaUVyyexAHve5roFSze1Y5w3C3T2ZWqVX2xXVLoPcXdx9GPnYs7aNvQp0o8GjTjBdLSxl9b1mEeX0ri5X1Yvb6fn+TuYWiox97QADgm4ACMgEkZIIyVuSSRkjJGStybElcjJBFyQRkEFCwIBGSpIyRkZIyVuSMmRo9Zqw6M+pMxcmx0LDMpy5Pa/8A4bGChr4inHinyz+xSq7QbNwAD2JzDwXdRs/Ft66XBcqMv5vGj+GXac+bO3ac0crm3q0Hq75HxZP6M1rjLzNI4lcUpU5ThOLjOEnCcXtjJPDR0MLO8NXcc/FQtPW3+p82yGGVZtGsGzM0Is3NonsdxQT6t/EwmzM0G/nVp94ofjiVlsfcWh1kdwvuA+tGuNjf8DsNceJ0l+t4L1Z6Gj1QAQaBlGSMjJXJUmxOSMkEZK3LEkZIIyVuSCAQVbJRJGSMkZKkjJGRkjJS5YZIySQVbJIN7oylvaaztl4z8+z1YNPaUN/OMeJ630I9KdzQ1C8pVn/yvV8sl4s1MVPJRAAPQGkDxe7fco7j5xbpd/xicNSVaK2NPnpauldR7QFoTcHdFZwU1Zn5+qwlCUozi4zi8SjNOMovkaetMo2dx0poS3ul84oxqNLClrjUS5FOOGl5zQ1e51ZyeVKvBckakWv7otm7HFRazVjSlhZrY7nKmzL0C/nVn94t/wAcTo/yb2f1tx/XS9wva9z21p1KdSNSu5UqkKsVKdNxcoSUkn4mzUS8TTaa+wjhpp3y5nqL7gdhrcmy0hwGazJ5DSX6/gvudqj1QRkZIOcZhkgjJBVskkgmCy4rlNn8HQ6e0z0MJUrpuFst7KTqRhtNUQbX4Ohyy7V+hHwbDll2r9DP8qxHDn+CPjw9o1WSMm2+DYcsu1foPguHLLt/6K/KsRw5/gnpFP2jUZK5Nx8Fw5Zdv/Q+Cqf+7tX6EfKMTw5/gnpFP2jTZIN18E0+WXav0HwTT5Zdq/Qj5RieHP8ABPSaftGlJhFtpJZb2JbWblaKp9L62ZVG3hDgxS/MvT0NVb+uSS4Zv0t72FZYqNskfDR1p3uOvhPb1GaAehpUo0oKEFZI0pScndgAGQqAAAAAAAAAYukeA+tGrybTSP7t9aNVk89pT9fwX3Nyh1RkjIyVOaZiSMkArcsE8bNqPr4VU577T45K5JjUnHqya7m0HFPaffwupz2R4XU577T4ZCTbwllvYlrbHx6v+75y/kakdx9vDKnPZHhlT6x9pMrGqlneauhpvs2mMyZ1MRDruS73JeojGD2WZ9/DKn1j7Te2zbhBvW3FNvleDzZ6S14EPJj7EdTQ9Sc5z1pN5La2+3iYMVFKKsu0+wAO+aQAAAAAAAAAAAAAAAAABiaS/dvrRqTd3NPfQlHlRo2ef0tFqrGXY16PP1RuYd3i0MkAjJybmwCMjJGSrZYZIyRkjJVsknJt9EUkoKf0p519Txj1GmNtoi4W9VN7U210p6/1OhopwWJWtudu/Lztcw4lPUyNoafTNBJxmtWdUul8T9puDSaXuVJqEXqjltrZnkOzpZwWGkpeHf8A1e/C5q4dP4isYB6S14EPJj7DztKm5yjFbZf+5PTRjhJLYlhGhoSDvOfZkvHb5IzYt5JFgAegNIAAAAAAAAAAAAAAAAAAGuvrPOZxWv6S5TYgw16EK8NSezzT3r3weRaMnF3R5tlcm9uLSE9q18qNfV0ZNcFqXqPO19G16b+la64beW3lc3YV4S25GDkjJerRlHhRx0vPtPmc2X0u0lZ8TYWewnJAIKXJAB9adtUlwYZ6cYXayYRdR2itZ8FfyQbSzeRV15tYcm1yN6ikIttJLLexLabGjop/TkkuRfqbKhbRgvFWOXjbOrR0XiKzTqvVXHN8s7eOzia0sRCOUczH0fZbxZlrm+xGeAeio0YUYKEFZL3zNKUnJ3YABlKgAAAAAAAAAAAAAAAAAAAAAAAA+U6EZbYp+bJ9QGr5MGP4HT5iCs6fMXZkyAYvgUv9FyRbXlv82fOFNR2JLqSPoAZVkrFQAAAAAAAAAAAAAAAAAAAAAAAAAAACGUYBfJXfnzZVgH174O+HyZUA+3fB3w+JABkd8J35jkoA++/LZPgiyAPsD5ougCQAAAAAAAAAAAf/2Q==',
        'Python', 2),
       (4, false,
        'data:image/png;base64,iVBORw0KGgoAAAANSUhEUgAAANQAAADuCAMAAAB24dnhAAAA2FBMVEX///9lmtIARIIAWZxYk88ASpVhmNEAQoEAV5sATZZimNFWks9cldDi6fEAPn8MXJ4AL3gANHoALHdqntUAVJoAPH4AN3ywxdq7zeBbhrTr8vd1pNYAT5fc5/SeveGAqtmoxOS/0+urus6QtN2yyueSrMoraaSTpsC9ydnF1+3f6fWZuuDR3/AYXJk/ZpbN1uJif6ZTdJ/Z4OlCfbYTT4oXWZVThLlyi66DmbcpV41OcJyDosVNfrBEfrgkaKY6cqp1mcAAOI4ARJM0ZZxoj7iJnbkyXZCuuczkH/V7AAANiklEQVR4nNVdC3eiSBONCQGDSMAWksEkGnXGPBw1bnbymOxkd7+dzP//Rx+ID9AGqqqbxrnnzJ6TuINcu2913arCOThQgLvr+y6r1Vj3/vpOxfuVj6Cna5ZZW8C0NP0qqPqOxHG1ZrTkpWtXVd+TIK51q7YDS7+u+r4EcMk0c5dTuFoaG1d9b0QEgwaPUUyrMfgtpdXT9ExOIXStV/UdonFrcsS0La3bqu8ShbsOX0xbe9DqXFZ9p2CEYgJQWuC3kdbQyhVTGro2rPp+ARizQjGlYdX2XVrNLkRMaZhaZ68zwnuwmNK0Gvd7K61h/smUh32VFlpMaVh7mDlRxJSGqXWbVbNI46pB3nkb6I19MiXXltDO28DS9sWUhAZDDqUI+2FK8gwGBftgSnqi8WEXVZuSW55bF0eVfv8SZDAoCDOnakxJMJAYH3ahVSEtgZwIBt3qKaZ0WytFTGmoNSUwty4OhaYkIBoMEi1FpgTl1sWhW+WbEkGDQUHZpqTZVbfzNijXlEgxGCRajfuSKHE7GKqgW2VkTmNFYTwT8k2JbINBgdnoSg3vvarElIZMv1+pmNKQZUouO1a1YkpBiinZBzFtQdjvD/dDTGnojZ4AJUA7sBrQTYkqg0GBaZFMiUqDQQHFlJTu1sWB7ZSMVbh1cVgmPHMS72CoQmhKgNK6kr7zdF23FtB12Z+WqUFMibQORgTd0jRL7wzur3q94bDXu7rvduLfyXyPImmNZXUwzOjeO1fXY06ICsbX952GPGb5fj+QJKZoVnFQNIR5N+yG/5uc99OyTUnBiBT0HSyt0wPK97LHNCnpctZkpByDoWtsiKqS3PVqUvYhz5QEMgyGaTUGBGMwHjRkvLnW2dqDlxJ2nmmZ1Lpj0NMl0NKt1Cd6KR4gTK0mZEqva+K0TC3BKhC/nmUK+2wJoja1zQ5kopwkTeGI13dMtrrWleAnJK+hjhh/zIC1DO13glUIi0nszwo3IJbBoiv04ZiyZ2+uRBaLaafv0UUuhbI93ZTeRh/rVGWx2pf20fE0vMZAZKGsrmxKEbq0z5n90a4fHbU/hVcQWCizUVKXb0jYguzbUUgpxElwMBYgZZXW4htjwwWzfrRjTkcn5wc9+ogoK7HHHKDOzoWYVmh/P+iSOXXKoxShA18s9ke9vuZ0VH87YERO5YSIJLpAVuzb6WaZIlI/DvaWUxiXIayYvhbTGkRS1qB8ThBWrPbePtoBjZSKdYpQtAPZX/XtVSKTKjtGJFjlxeZQTDxKNFKb/L58ZEf2SExcSiRSpqVwvDDILKK978QHEVKa0knQO27Gw/46yqREIaV6Hv56l1VoMHIoEUipCeZJ3G+FwFROJIWUyiCxQjrpiQ2GVFKNCh5KaybqDWuDIZGUgjFJDoYrWTHra+EyoUmZyk7dNDqLuF4sJhIpraLHtprRUgHERCGlfPx9jZ6emRMJkjJ1gdsKAqE8hGMw5JDSSLMzwXg46OhaI4RW6wyGlLpG8OkCzAhJihAlmsO4ubv6jpeoz9jo4NpyBwffj2EBgkBKQ3/G1x2Na4gsrYPItc7qqGVCkUKH815ea8bSgSfe/P0YSQlDCrlQQyu/6WWCaAX/IXcekhRqoe4A8xiAZ24+nxAoIUihQl8P2B3KH7E8Pz2Bh3EKKbOG4ASt2OVWcO7ejmmU4KQQmWyzhqgYmzV+eA/+pogJSaoBzgf4/jvn4+IJ6/MFNowTSOngQt8ltgtjNnZqHtMfJwKUwKTAYaJJ+TqU9Fo16WLCkbKAnLIrWnms9OTexuZEZFI6tNrSIXW7EhVffE5EJmUBdx91ImM1/TD9IiYmHClY7BuTJzIaUQ4WfBIVE4YUNJfFHFBb71Aj50RUUsCTtycyrPL99ELOMoFJgarnAX0ciNcOLJuUBlqoe/oIWE4HozRSIEmRFyqjHVgyKR00UkVUFKb0JZMU7LlhUujLaQcuUT+JwT+T28tX058LiBQkTqAHbxacCsVUPz2PccZj1f6+fPU9dRkIKZDtIIQJ9g0gptPl9QNe/eXkbPnqp9R6g1YKsvvQmSzTvkIO2xWppmRSkOCHtYbgDkZJpEAp+jVOUvAORlmkIBEdJSlQO7BcUqDMDzGel5g3rJAU5JgCS4o/IsW74eMFLlak/ln+vHixHf/wz4rU27/xL+pgUgCHGEBJpecNc3Axb8ZYvcXyx8V51f4exD+tDpvlj80vdSApSBG9CSOFyIlOMg7HaeSNLz5n3IdUUpfUeUM0qXOFpIpXiuEMxh6QKh4EZ+9/nsIp7QWpou3Hvj3axuFXBK09IJUfKJj5Yh+GMB6/7gsp0ZDOav8LVymGAd6DZZMSO3zZH8aK0gJQWqcxvi7foHmx/EV02/Xlq+11RlHfvCgvTcryvbGYkgj3IEJa9e00qZ74r0hC2wOQGnATWlZ78Q63YWCkVan1GPLCH3v3jB1OsbTAtEoiZUIabpyYzt4ObS6liBVcWiWRAvWwt0lFYsqihJFWWXa+ASGVnvUPw3jGzsNKq6zCiwaZm71NLhV7twsoxQDswdMgxpzXubroL199w1eTQC23DSn27RBECSatkoqZoJi+rlIwM19MW7RQpxYQEFKg8Ld8sDuZE4FpVUGqBhszjZ7shoopDZwpkUQKFCnCpQrFhNh5icUKTYnM1geskwibo+xixLRF6/GLtI4vdPvBhniaDmHrLUk5wfxdUm8ePBwCInUwcqmk3FH418/rknrZwDkK4KjpZDcnB8GexH//s/gID5wUrEEa5jJFuREfhrcuSv4nYw/CSIGfHZi2KKRa08QVJEzyQKfIoM8h9gmsWv3UJc7aojNX0CFG8Fd7j9CsWqPta4hOx0HHTWHzITErlK6MXU6htMTmGMGDwfDnGPqY48rY2nsrTH8Qx7cxpDCz9lMfnFnY/jTrKv0L8h4Ek9od381GMHFBi2W4k7xpBvIUN5gUeOJ0gZEDOIY9hyOnJKgjwogHWFAPPTUfnII9aLceiodOaE9GwEnhlipU1iSPludMMtWUwmeCtDAPhWEfHZ3OHJ+rLdt3ZnPoVQiZE4IUdqmiG+pPWq6XXDDD9tzWax/10CXalGCeScQEwA2vm+dXo+W4Czitw9efN/iLnMGHSbCk2CcCqZjZfHoTYjonPxaLqjnBSTHzJeP0V4C+i6k5QUmxRZ3Ir+ifMAyiUw/eKQGSWrYDvYdqSM3ioxxaSgOR2rQDHYLKxXHjLEMnsJwLIJUqulaxATdFAmCnpJhUuujqvaon9ZDKTAB7sIgUe9vqYLgFSah8bBXeAJ2SfFK8dmALlrNJw24tp1BaeaT4HYxNPUsJAt4tFEgrhxR7N/jp6ItKUh8ZqX7eHswkldMOVBksHrLMZt74Vgap1YgUH/6TKk5POdX5bGlxSRW2A91nNZx+Onl3kdmE5JFib3wxJeD8VMFplM8pAldau6SKpjrUsQJw4u/B7a9szRdTklXpO/AZwOmQswfrp+kvFgcMqqzhlhwt8mLEFq20Kam/H1wlxm92cqJc+KVG9gcffidpabX/Tozf7M4bFsB7KS23CDhzgnlISuvibD39Gu081HUOcyvhYkBU41esNtI6Dlbf1p85b5gPXh9GHPge14JXvAfr0ff1R09I4sSURH6Jn4RgQmzyx6YkHpdjsJMpA7Yv2eH/Qm+9BK1wD8bj0bd/0nrqKzgziYsVPMBOpyxWhn0eX2hC/2gWsF1p9cCRK3ovk9WnI/ThRHBfpITBm0dYsy4HznrX3JCiTRKG8wBuY2Rh/kqfbVqhlRA4JHUsgI3oznApFXbpAEi3Jmknwxat1it5E968tsQp7ZyaNy5xVipFy3mkhIxg9ChhlQ49d+dwCWbiOzrUlu/OkOfWzczl9xuR78w/WaYfwrEnurjtGk9gXjdPnkuZut1BdvztexL2YFQZdP3XUWHYmI5eXdFjaQnfz9v2zy0ptML18h1n8tzntw6Def954rgC+VAKdqvAhTcfcPNSeTA833W9j9nz6FfUGw3//Po1ep59+CEfscws9S6th+KxgekLeRKW/6aeF5FbwPd9T4qENnAfYeeIJGmpgJcrpjSeZRyF5cNuoYo/TQl5WNkwnAl2BifMmKu+63z4jxR3OvL3WFqeT6yOBE/7Ki2jJeC255N9lJbhfIiZt5tDGdmmTBj+oXj1YCTDlMiD7Urpt8gxJXKQYTAokGNKxGFIKvAs0berl5bh2bJH837KcNwi8Mpo8zUfqpSW4QAMBgWyTQkCUINBQb+azAljMCh4Vi8tu/yeuWpTYjivKv59KAllfDgll2QwKAA9cyMDXjntVz7UmJLQraud2C3flIRuXbg7hEa5piQ0GJVMi5cprcKH4MpDMJNXzk1CyK2LY/4hX1qG+6F4oHoHfcnSMnyjsmd/EpBqSkoxGBQE0joloA6GKoSmpNx2YDUI/b4oJc/bBzGlIWhKFBgMCkRMiSKDQQG5U6LOYFBA8vvkDoYqBE9YadmOYoNBAc6UVGIwKICbkjAn2mcxpQHslHjqH3AUQej3CxerYoNBwbzge172wGBQ0DdyMidfegdDFX5m1ZzslpKHysoBvwkpsR1YDaY7fl9yO7Aa9F+c9eSYYXvOy+8qpjTmo9njgpXxOCse2JSA/wOBxqfGE8XogQAAAABJRU5ErkJggg==',
        'C++', 2),
       (5, false,
        'data:image/jpeg;base64,/9j/4AAQSkZJRgABAQAAAQABAAD/2wCEAAkGBxISEhUQEBIVFRUWFhcVFRUVFhUVFRUVFxUWFxUVFRUYHSggGB0lGxUVITEhJSkrLi4uFx8zODMtNygtLisBCgoKDg0OGBAQGi0lIB0uLS0tLy0tLS0tLS4tLS0tLS0tLS0tLS0tLS0tLS0tKy0rLS0tMC0tLS0tLS0tLS0tLf/AABEIAJ8BPgMBIgACEQEDEQH/xAAcAAEAAQUBAQAAAAAAAAAAAAAAAgEDBQYHBAj/xABHEAACAQICBgUHCAcHBQAAAAAAAQIDEQQxBQYSIUFREyJhcaEHMlJygZGxM0Jic5KywdEWIzRUgsLSFCQ1Q6Kz8AiDw+Hx/8QAGgEBAAIDAQAAAAAAAAAAAAAAAAIDAQQFBv/EADMRAAIBAgMFBgYBBQEAAAAAAAABAgMRBCExElFxsdEFIjJBYcETgZGh4fCSNEJSU2IU/9oADAMBAAIRAxEAPwDhwAAB6MJhZ1ZKFON2/Dtb4I9uiNDTru/mw4yfHsiuJuWCwkKMdimrLi+LfNvib+FwMqvellHnw68ySjc8ehtBQo2nK0qnPhH1V+OfcZlMgiqO/ThGnHZgrIttYuXBG5UtBUiwUYBRkWSZSxAFuxWxOwsYBbsVsTsUYBbaKMmyDIGSjIsqwYMELFLEyiV9yAKCVkry9iWcu7ku1+OQqTUeTfviv6n4d546s73lJ9rbfi2VSnbQDEYjc3JqMVvtwXb2vtzNT0nj3VlyivNX4vtLultI9I9mPmL/AFPmzGHHxWJ2+7HTmVSd9AADRIgAAAAAAAAAAAAAAAAAAz2qmjKdepLpH5iUlHhLfbf2Ld7zAmd1Qr7OKivTUoP3XXjFGzhFF14Kaur2+pmOpurwsorcty9HJLuWRbiZJMSSfnJP4+/M9W6e4vMeiSPS8LF5Nrv3r8y3LCTWSuucd/hmRcWjFmWwRJAwACVgCFiViVitjJkhYWJWKMiZIMoyTIsiCLIMmyDIAiyjRIu0cO5b3uXx7jBlJvJFmFNvL38EXJxsrL2vi/yXZ8T1uNlZFmaIO7LVBLUxVY1jTGk9v9XB9Xi/Sf5Gz6fwFSdKXRu0uMeMo8V2Ps4mgnMx9SULQXn5+3U16t1kAAcopAAAAAAAAAAAAAAAAAAAAAB6MHX6OpCp6Moy9zTPODKk45rVA69fkSRj9B1+kw9Kd79RJ98eq/FMyB7aMlJKS0ef1zNgqiUSKJomgSk7+clLvW/35lqWEg8m4/6l+ZcRIw4pmTySwUllaXq7/DMt7J7yblfzrS79/jmQ+HuMWMdYHtlh4PK8fFfmWJ4SXC0u7P3ZkWmjNjzsgyclbMgyswUZFkmQZgFGQsXIU3J2S/52mQoYZR35vn+RAlGLkeahhOMvd+Z6JIuSLbV9+S5/glxZG1zYSSVkWpcl/wA7XyRC1st758u78/gXnyW5eL73xKRgT8JONNyZbUDVtbNB2viKS7akV99L4+/mbioEtg0cSo1I7LNh4VTjZnHQbLrXoHoJdLTX6qTy9CXLufD3d+tHClFxdmcarSlTk4y1X7cAAiVgAAAAAAAAAAAAAAAAAAAAG+ajV9qhKD+ZN+6STXjtGxo0fUSvarOn6UL+2L/KUjd0er7OqbeHj6ZfR9LF8NC4iSIoqjeJEkTIokiQKgrYzMNVcY0mqEmmrp7dLJ5fOITqQh4pJcWlzBhCtjOfonjf3eX26X9Y/RPHfu8vt0v6yH/oo/5x/lHqYujCylfOz79/jmWJ4aD5x7t69z3+JsH6J4793l9ul/WY3SWjatBqNeGxJq6TlCTtle0ZO3t7TCqUpuyknwa9ri9zEVMDL5tpd2fue8s0sNKT37ks+e7NHrm7vZWXF/gu0y2jNBYmvDboUXOCezdSgkmkt1pST4oqquEM27L1ZJW8zG04KKskVbLkqbUnBrrRumrrdZ2bbyST3XKUlKUowopynJ2TS3tvhBcPWe/1VdEdcy1MhUSXnZ+jy9Z8O7PnYsu7d3/xckuCMzjNV8XRg6lWlsQjnJ1KVly3Kd2+xGMjARlGS7rT4NPkbFKKloyEaZcVMvRgT2CmrOx0adI86gV2S/sFHE5tWobSpnmrUYzi4TScZKzT4o5prFoSWFqWzpy3wl/K+1eJ1rR+CdarCjFpOb2U3ku+xe1w1O6OkqeIlGSqbVti94uNusrrPec+pJM08Zh6da1O9p6x6cORwUHS9B+RvGYqn0sa1CMduUUp9JdqLttdWLW/vOcVqezKUXnFtbux2KjzcouLcZKzRbAAIgAAAAAAAAAAAAAAAAAGU1cr7GJpS5y2X3T6v4nSkcjjJpprNb0dZoVlOEZrKUVJfxJP8Tvdjz7s4bmn9cvZFtNl5E0W0TR2iwnEnEgi5EyZJW3HbtH/ACVP1I/dRxJZHbdH/JU/Uj91HF7a8EOL9iur5HoANf1o1hjhY7MbSqyXVjwivTn2dnH3tcOnTnUkoQV2ypK+hTWnWKOFhsxtKrJdWPCK9OfZ2cfe1yfH4qdSblOTlOTvKTz7/wAkXNIYyUpOpUk5Tm7tvi+b7FlbuR4YLx8Wz02FwscNCyzk9X09Oer8kr1GxOEbbkdS8mn7JL66X3YZe05fK0fOV5ejwXrtfdXtfA6d5MpuWEk27vppfcp2SXBdhr9o/wBO36oxUeRzjSUpTrVIRWdadoxu3KTm0nzlLfu77K2R0bVbV+ngaTxOIcVU2bybypR9Fc3zazyXbLVzVqOGlVxeIttuVScb+bSpuUntX9JxzfBbud9U1s1llip7ELqjF9VZOb9OS+C4d+Vc5yxT+FSyivE9/ov37E4p1HsrTzZZ1o1gni6nGNKD/Vw8NuX0mn7Fu5t4qlC+7i8lxv2DD0XKUYRV5SajFc3J2S97OoaO0dh9HUekqNOaXWna8pSa8ynyW7L2vmbFarDDQjCKu3ol+/k6O3Ggkkrt6JHPnoqultOjVS5unNL32LFjfqevVJys6U1G/nXi2u1xX4Nl/WLQdLEUunopdJs7accqqtez5u2TzObUxM07VI2ubMMZOnJRrw2U9Hc0vQGE6TEUouG1FzW0rXTjfffssbDr5o2nCFPoqMItylfYio3Vla9kXNVdYYxhRwuxJvacdq6t1pyd7Z8TYNPabjhVByg5bTa3NK1lfiaNSb2irEVq8cXBKDyvZX8Wue5anOtWYNYyhf01+JsnlN82h31PhE8NLSCxGkKVZRcU5RVnZvdfkZHyk5UO+p8IlUncvm28bQclZuLy3ZSNbwGsOLo0XSwyprNxc6cprabvvtJbjgmLw1Xpp05QfSbTvFJt3e/cuXHuPrHUP9kXrz+JzrQmi4T0lhcRlOnUe/0ouMlsv33Xt5kL21NbF0I4h1pU42lS1/6Wd/LJq3z+hwzEYWcLbcJQvltRcb2ztc9y1bxux0v9jxOxa+30FXZtz2tmx9Pa+4vAYNU9JY6O3KgpU8PCyk3UqbLexF7tq1PznkkzU9WvLdQxOJhh6+GlQjUkoQqdIqi2pO0ekWxHZTdt6va/LeTOEfPAO5+X/U+lGnHSdCChPbVOuoqympX2ajXpJqzfHaXI4YAAAAAAAAAAAAAAAADpGqmI28LT3743g/4Xu/0uJzc3TUKv1atPk4zXtVn92J0uyqmzX2f8k17+xZTeZtiJogiaPTFxNE4kETiAXE9x23R/yVP1I/dRxFPcdu0f8lT9SP3UcXtrwQ4v2K6vkeg1/WjV+OKhtRtGrFdSWSl9CfZ28PensAOJTqTpyU4OzRUnY4DiMJUjUlCpFxnF2mpblDveSXLndWvffF1VHdDPjPJ9qgvmrtzfYnY67rbq3HGU7xezVjvhLhL6M+ztzXvT5FicLOlOVOpFxnF2lF5p/jzvxzPS4TExxEb+a1Xv6rkXRlcspHVvJh+yS+ul9ymcsSOqeTH9kl9dL7tMr7U/p3xRieha1W1o26s8LXl1lUmqU385KcrU32pZPit2eeG1z1X6FuvQj+rk+tFf5cny+g/B7srW1fSHy1X62f33kdF1P1hWJh/ZsRZ1NlrrWtWhbfdelbNcVv52prUpYaXx6SyfiXuv3Lg2XJOn346eZqOp0U8ZRv6TftUZNeNjZvKRJ/qV83ry/iWyl4N+8xOnNDzwNeGIpXdLbUo/Rknfo5Pk96T4rtz23GYalpChGUZWa3xlubhPZ3xmvbvXc+RXiasfi08QvDa3DXr9jb+JGNWlX/t0vu16nNUjo+osm8LZ5KpJR7tz+LZgaWpFe++VJLjJOUnbsjsK/vRsuNxNLA4dRjmls04vOcrec/bvb/8ARp4qrGeUXc2MfXp16caFJ7UpNaeWv7wuabo6CWOilksQ0u5VGl4Gf8ofydL1pfBGq6HrqNelUm9ynFtvltb2/ib7rLoeWJhFQlFSi7ravstNWe9J24GlLUvxc40sZRlN5Wav+/I0jVpf3ql68fxNj8oi6tHvn/IYjR+AlQxtKlNpyU43cbtb1fikZjyhLdR75/CJWTqyUsdQktHF8pHv1HX91XryNL1Yj/fKXrv4M3bUr9mXryNP1bj/AHul67+EgyFDx4358pmP/wCoPRtSrQw8qe/o3VcocWmqfWXNrfu5Nnz9GVndbnzPqvyj/wCR/wBz/wAZwTXXVvom8TRX6tvrxXzJPivovwZK+Zy5YBvCQxEPXaXBvNcmvnvO2+Xf/B6v1lH/AHEfMB9QeXf/AAer9ZR/3EfL5k5oAAAAAAAAAAAAAAAM/qXX2cSo+nGUfDaX3TAHr0biOjrU6nozi33Jq/hcuw9T4dWMtz+3n9jMXZo6siqKMI9ibRNFxFtFxGQTRm6etGMSSVaSSVl1aeSy+aYOJcRCdOE7bSTtvSfMzZMyVTW/Gx39PK/BbFOy7W9ne+zLLPIsfpfj/wB4l9ml/QeSrTUlZ+xnhlGzsyl4aiv7I/xj0IOKRmv0vx/7xL7NL+kx+kdJ1sRJTrz25JWUtmCduTcUr+3mzyFSUaNOLvGKT9ElyRjIGT0bp7E0I9HQrOEb7VkoPe0k31ot8EY1IqicoRmrSSa9cySLkpuTcm7tttvtbu37y9QqOMlKLakmmmtzTWTTLCLsRY2qbMzX1ixVSLp1Ku1GStKLjCzX2SzgMbUpS2qU5RfHZefesn7TwRPRTKZUoKLUYpJ7kl+Do0IxStZZ+hsC1sxbVukj37Eb/AxWIrzqScqknJvNybb/APnYWYlxHGrUox8KsdClSpwzhFLgkiljI4PTWIpR2adWSSyT2ZJdi2k7LsR4EiqRzZoulCM1aST4pPmeqWkKsqvTuV6it1rR4Ky3Wtl2E8dpGrWt0s3LZva6irXtfJLkjypEikj8OCaaistMllw3HswWmcRRjsUpuMbt22YPe897TZ48PWlCSnB2lF3T3bn7StiNgFCCvZLPXJZ8d/zLuP0jVrW6abns3tdRVr2vklyRj61FSTjJJpppp7009zTR6bFGiROCUVaKSXorGheUTS2kdl0a2JnVwtRppSjDdKL2lGTUU7q11zt3nOjtusM8NGjL+1tKnJW+lJ8FBZuXHdkcWna72b2vuvnbhcyeV7TwsKFXuWtLO278bvp5FsAA5oAAAAAAAAAAAAAAB1bRGI6ShSnxcI39ZK0vFM9iNe1Hr7WH2fQnJex2kvFyNiR6/D1NulGW9I21mkyqJojEmkbBknEuItxLiBmxVEK1La7149hdQMErXMc0LHrxFK+9Z8fzPMClqzKWKoFUZCKouIiiSMMugy5Ev02eeJdiyLRv0p2Z6YF5FiDLsTnYimdSlPImiVgitjj1aZsplUSIokjUaDKiwKSaSbbSSTbbaSSWbbe5LtMGCjRrus+tVHBpwVqlbhTT3R7aj4d2b7MzAa1a+50cE+yVfj29Enl6z38rZnPZSbbb3t723vbfF3BxsZ2qo9yjm9/kuHU9mldK1cTUdStNyfBZRiuUY5JHgAMnn5Scm23dsAAGAAAAAAAAAAAAAAADbNQMRapUp+lFS9sXb4S8Dd0cz1Wr7GKpcpPYf8a2V4tHS0ej7Lnehbc319zZpPul2KJpFuBdidIsJJEkgiaRgykVQSBUEih569Lisj02DRm4lG6MeVLtalbuIEijQIkiJVAkmTRciW0XYg2Kcy9BnogzyRZdhIpnBNHQo1T1xJIswZdTOZXoHQhMmVKI1vWnW+lhL04WqV/Qv1YfWNcforfzscyrT2dSVSvClHam7IzGltKUcLT6WvPZXzVnKb9GEeL8FxaOUa0a2VsY3D5Oinupp52ylUl85+C4IxOk9JVcRUdWvNzk92/JLgopborsR4TUPN4ztCdfuxyjz49OYAAOcAAAAAAAAAAAAAAAAAAAAAXKVRxalHc0013p3RuWB11T+XpNfSp719l5e80kF9DE1KL7j1JRk46HV8BpehWt0dWLfot7Mvsy3v2GUicUMrgNP4mj5lWVvRl1o+xPL2WOnS7W/wBkfmuj6liq7zrUS4jRsBr5wxFL+Kk/5JP+Y2rRelqOITlRltWzvFprvuvgdCliqVXKEs92j+jLozT0MiipC5VM2LlhMpYrcqLkyEo3VmeScLHtsRqQuvgZjIjOG1mjxEkGgi01yqLiIEkCaZciXIlpFyJE2oTL0GXXUSTk2oxirylJpRilxbe5Ixuk9I08NSdaq3sp2SiruUnlFfm7I5hrFrLWxbs+pSXm0ovd3zfz5dr9iRz8ZiqdFWeb3dS6eMVFb2bFrTr65Xo4JuMcpVt6k+app74L6Wfdx5+UB5ypUlUd5HJrV51pbU3+AACBSAAAAAAAAAAAAAAAAAAf/9k=',
        'Kotlin', 3),
       (6, false,
        'data:image/png;base64,iVBORw0KGgoAAAANSUhEUgAAATIAAAClCAMAAADoDIG4AAAA3lBMVEV3e7P///8AAABITImustV1ebJyd7Hz8/OqrM5vdK+/v7/LzeFFSYdwdKd0eLJucq+vstHl5eVrb6Nzd6lna6DX19eIjLxgZJtbX5eUmMKbm5trb61VWZNMUIy6vNdpbaJ/g7J9gbY0OYDh4u6ipsyansbv7++Lj7s/Q4VycnK0tLTY2eilqc7Ly8vy8vdHR0daWlrr6/OIiIgmJiaUlJRoaGg6OjqBgYHDxNyrq6tSUlIxMTGurq6wsciYmrlvb2+Iiq4vNX60tcsdHR0RERGfoL3ExdZ7faaKjLBfZKjF/7AIAAAWLklEQVR4nO2d+3+aSBfG5bUQiRqNGi9V4z3aamhJL7HbJtumG5P9//+hdy6AwDwDA4Jp99Nnf9g2jTB8PXPmnJkzQ0H7o4QqvHQDfj/9QZZYf5Al1q+CzLJsezZbr9dlqq1P5K/kxzPbtqyXbiTXSyIjlAii7WX91atXG6JXjkobpjnVgqhHtaTq9ealy215PXtJei+BzLJnBBTF9EqmUsmDxqg53Ci49rI9Hk/Gy17psry2X6D5R0V2QlnVo1AFkW0EZNzYKDjCbTxuNpvjXn13XKM7FjIC61KFVbBz+pAtEDIHW2PUXJZ2s5PjPMoRkNnrcj0BrGg72yPzmDFqzWqj1Rnfb9f5P0++yCxiWwq0NpQKwUE4tCeOCuQ/T/Qf2tz/i2bGkRFo1cao1ek273f5erj8kFnr7asoWqX5gkKaFHTDMHRHBSLvj7r/p85fyf8JQoLJh6zpIiPQGsTYuoPO88MstwfLB1kkLoKK2BIBpZ8RBA6PJPJATji9ALLRaNRqUWyD7w/5WFsOyGZlCa4NZVVgJpWGlFwTv5UxZK1Oh1AbDp532Q+mGSOz1pcQ15zAOjO8PpaLmhxZw0VGoBFqlepdxn00S2Q2GRkxrZxh7aVXg8i6jNrgMcuBNDNkNuqOiyXxWcfC5WEzRpyYg4xouBreZ0YtG2SWyKu0aE+ODcsnY+QQ48wGwyKhlk0PzQDZiei/qHW9IC8XW6vjIRsMh8PKdHCXwSB6MLLZNjwu9n4FXI70UWfgIRsSU5tWdy+LzFqHOuR8WTB+EVqezI6HbFgsVqaV+8NM7RBk9jbIa9EmvH41YEyEmkOMajVtHmJq6ZHNghHFon1wb9TDyoYXl9n1kFFTG94dHdk62B/bhYN51Xjy7dekli21QdFTZbW6T5kYpEJGYgp/ONGbHO6/9DMUAdjtsyxY7dUZVioutdX0eyqnlgKZVd4EOmQm/quGI03LOPzSQRldH7QfTymgJUYWBNbLKL/WZe1Y5DCcEFPz+mcKaEmR+YDV5+3MAoqzHrn2/8LKCRn1ap6pVX58T+jTkiFb+yxsMcmw0xiXmnYVJvaO3HGS3T0C0vf9czW9zw3ZLIce6Yi6suswslviBmpZ3iWoTtGDtnrIBZnlyyR7B8cUIdVI53gdRvaNfEs5IgtAG6hPdCgj227ysrACDWLJHd6HkV2Qu5oZ3ykkD1pl+qTq0hSRzXLrkkxnS3KPf4D3n2ceZITlQVtNFXunEjJfn1xM8hjCjLqmnYSJfSZ3zuVuQZGBwOmd05ZSwKGCbG9imwzifKRaGXj/N+TWOfdLLmPg9U6VzFMB2d7E2nl1k74NvP+XvL3/XqYb3E4b8R4tFtms5PXJ3CZ29DNyo08v4P336niGFjsvFIesPN/3ydzaq7fJnT4A71/K3ft7MjxD+34QMqu+cYysl2fjjRLw/h/I/dvHnLB0DW01iB4FIpHZ802pxE0s17abyPv/TRpwPCOj0p1hIKZzRiFbLzYcWa4mRlQjX+sX4P3tI3l/T66h/XhMh2y7oAVepRwHSlcmudvfwPuXj+b9XRlOYDt9SoOsvpizmt95DtF+UMz7fw0jOyFNOG7HZHI656qTHFlpMafISKeMIUbLw2IVGZ9Q7y9Mlv1DftY2A9c4i7iIUiPOVMIkp3OuhrIITYLsZE6IUWSxY1ZtWYrVZr5YTsx+zcRNpt7/IozsE/3agtfotSc1chHwHZqTjUojeu0z/PngxZwIrSIZODEyixEjyGJHSlO9zsFabxeFPnBPtRnw/q8lF5ltS+1aaOXJrKs3YlYuTfpm5CqMzkO0ygozg8isBSc2j+FFGnup3Fgu+1JcaauRn78JI7uOeu7ygljs/hHbCRthlZf9SFuLZIaQnSw4skW846fhwYmKfJef9fqB67In/hxGdh55Dc26NDx7Zd9bwkZYdTNqOOaDAO6bCNmcI1PJKamBCMkh0j9f39+8PXduYPf8lmbMNbBUgvTz8/ubbxduM+t9txFrTXurdIEP725fe+Zbr0V0T4dZEYwBANmmR6vs5z2F0YUZiDA1GKFPb/k9ymf7+MHcAu8fpXevOftZgT9znzzXTaLPX/Fvrh0RKjvMBirI6g4xlXVqmBzG6JY9r7X0+gX1/mpG4nvqU3YRZ3Qif/wr2ef/ug4aqpTZqhGPbNvjWzmU4leYHMbqDXMqG/cr7pO/3Ca+yGdGnnpbHa6Bxn6edfByPLPnOGTrZU+dGE4OFcS6Z8lhNtGA91e8iN3n3l9YA1XQG/a8Ecz4uCksCYSQWctejzJTTJJgeKDc3Dnrm+rePyySuGuXZsEk3v80zec/XMUx4zn6LBIZ21u1UF0TYd7/Z6rH/YvejdX1UO9/nuoaNHPXdOb9P6a7AO3cl/IxQOdpQDEK2eWSIVOdHYPJoaLea85auHqIIOinRue64Rqooq7cLw7L5O7sSY5s1mbElOdCE4cHft3S560lDxH8Iu7M6lPvnyTQ8eunFl3EwHP04JRjANmSGZmi6y9IkkNl0XF+wr3/u5SXoEud7Xo6789FnWo9Ig9whk0Zsi1Hpj5pTacGU3l/Jjq9U67pi/Sdm0+qpQp0PBF/aJnyJ+bubPUdI7PGDFlbFRg3EGFqUF10skKnIUJK709EItoyWgNVFzXUqIWsUSU8avqQlfiuWvU5WBweXPh1fX36+lba7eiA00chwvvXAX28+VsSuNHlYQ2kua+DrTj9cvNe5u4uYlaYWU1ypYWQzcZsJ3KCtSTo/b9qQNe4+xIbsf9FIcIpuMYpIn/L/00IdM7BBc4/Qmp0JSuq8E8PjwB7ZAtGLMnKIfX+38IteIOQEQeNwgA682poIEFETwzHVX43Mc3FjcAdWItZZGBlLpWuiIwb2VIdGK+jE5LDL3Quy9N2u3a9AIo2yY/pXBf6uT3zyZmCEe2MIxO8Py0Z9Tei7F4BhUTXdBSKes5i0Mw8ZBt2QkAC3y8JD+haWt/cq1brT0oMG5hXo8MVCBGoSz7r1/bq12goASLeW2w8NzReCzaisGB1iiCz+kh/Oeo5WXBW6YSRWZPERoa9/4k4AOlGn0YSIHjis2fCY1AQoYfQ+3Bk5SsEwhooue66Fm5EbWJDS6V5SNTilWtmsxCyS9YvE9VAwORQUklh9qCZfcRd9i0YxPDU3Dd2AaEC5hwWDemmhcyMDljRgx4zMy82c5HxkzsSAJMkh8yjg/vTCjKxX3FXJIwM6IkxMjbpBb0/KhmlMSCYESW/HRNaBVKAguv820k9GfP+wiD2ms9hia2F6egndnOlJ6aPK17gCvp0VjIKGsFmXiCymB0ZLDZb7QLI6mNqZsnqe6j3F8ID2fBDjUR0ZtSNYO8vNAXWhvJgQkhzgS/kyArQmcUjYzMalacAsjFDlgRYASeHskoKOlaIfYIhQ1skxCeuobyIfV5Mc5Ev9JCJqwQUWUz1R9HXMzkyu0mRJSuAg8nhPzK/gF3R3zBEgFskamhk/Ii9v6xkVG5lcbM3XTZmrn3ItuzcoWT9soaSQ+qc4PInLVMXYwTm/pWKZHFt6Gki7y+bR4h3/4UWGzMffcjmDFkSYNz7C+GBzPsz9y+6ImYlQuZHOvcm/MTYSrH3/4oDHcJ9iXxJfJDhJJpObl5wXBlFlrCODIUH12IMyYWnq78hI4FPDKuDuPeHaS783jB3ugwRuzw03DszhsxqsnPAEiHDq4dXshQXT1dfI+9Pn1h0ZWgCmHt/lObi6Rwc6dzGJUxULMyY2h6yWQpkcAcl86R49QGOVVcoRIBP3EcjI/f+gnOSloziiXelLRk8ASh7yNYMWbLdotD7v5fZuGSxUkPDIHpiXBvKp9WEq4I0l1/EQNzVinK5/3/wkG1TIIOrhx9l6zU16IpYxxKmB9ETGxvkhdi0mjAOy73/At1ObUuGuR8yGbJLhiwRMR16f/K1r+EX1kfxF5uHUNsigb0QMzJhUIG+kIp+b2Kg805GOCCj4tVnMGT15MjO4OrhOVvxF8W+X3H6/gKFCDS8Fa4BJ4DfSb0/3DCgm/B7k/aM4If3KRNDVkqODO6glGZr/Rn6fmmqAItkxdAOVgfdMGRCNH8t8U1sbV+IhpkrU9iScTgymCXLIpwz6rzFEIM9MiqSFZ8Yhu1vk3l/GnuLnZt+bwp7i7mVNQ9BBndQ3khsnP4ymKdik13C144SezzgYu9PfSHKf1hFrbhoQwMVlX25IStL7svwDkowf0xVu0Tdis3xiCDgE+PqIOz9aZoLlr+NNnKcLDRU2fcT9mXJR0yWraH5Y+D9a3NkDE5UBbdICIk9rA3lyBUnOY0JjHrZ7ZYKNa58xLz3kO2qSeMyde/P1jlQOPSBPbEwDKp7f766pDbJWVvCwZV9y0r78cJx2braTIgMFsnSQT/Ey+z3bPhgbuguPAWe1kUjo9z7h3yhUZuU4eDMjUzpYIlw9G83xs1kyOAcKctv9TMiXTcM06yZ7Uu+1wAslfOgSgzWUGJvwAngC+j9acXY0jzzWkGXUfnUICrrulLd9MlyTD7HyGcyqkmdGdxBSeePeYVabzGvX5bdhb9zMRjyagjCP6ZjvpDY4+og9nmY5jpvoOgtSvXt2t3sIDT3fzz9iJvD5grPZGjsjRYJkOEsGVdSXMECddpYG4CAiT2cAuD1MijNRYKVg3QAmcXO+zDxqlltj+yREkuADM/VgZaenOIqVtotZ2jWEa72w8m2W9zl0Xaxa8m2Ajr3pOaOjH0k6yDbVZuJnBmcI/0cNK6L6y+30nJ+ullCRyBQYs+CQGEA+cJuAzHsv7Hz62830o0ndAAqqe3F7ghz//YoWc88rEiWd+E5raQWhkEU2uHlP+b90xfJct8QVfXv10BYYWLOrJkAmXZIkSzrPOU+BKGBBTLs/dmungOKZGnHtlRPYa3sXZmL7K6aBBn2/sq6Zl4XgmCJfVhw+wj3/umLZJkrVF2GbPnrWNyajBF7l4UiMjpHmr6KmhKzTR0Og3DyCi7/8QoYpb2gSGwWRfk0i4G/KM+t/BknQXbQFgnqx2xDUgVzChJ7NmUvjIwS768o9umlKjHd3y/39WWNBMzgHKma3p0wYrRDoGEQeX98gCoLJpLuBQ18eKl8cEl3n5P7kFlJema6HZRULNCc0bbidVANJPYG3D5ygPf/6yRRr3Sc/9QOIdMeq+rMJlq6HZTvWH5QZrvxofeHJ8nCCeAP6b0/S+ftgjqxrr9UyofMbikjS7mD8iufu9jwUAgOg3BaF04BfErr/Xl1bTliD05YTuH/WkCm3SubWaodlO95JjObOB4EroOiwjDm/cXtI+xqKN+P0lc+aGiLJKficyPb7zHfI1M3s+T7599/c86oKLlHZOB1UFQki8t1Unj/zx+deYOykeT4JSNkZP49TI+qg2aSHZQffMdjaJf7tkrPERcm/CK8v2qg8/Pd7ZcL92CRdcIXL7Can4pvF6sP2UmrqmhmGkgOX5+GdH1xceU//8SuGz4Hwvzh2/BnNOD9qRs4Cf8id4tCmvtJaMT1xXkgUd8mfVNFJzhcBpFpO7WuKS2SjZC9bQdP2dEn+BctIVhit8NCk5wRssoLM4HbZ+LdcuU/NS+w63esNALA8OCnvKH8QCmUawOBolXJCyc0XCYlacSsXGr3U7wKhXfLof9aAWR2R4WZtEi2HNB2e1ma9/iJY/AyvW05rC08ibU2F36xvJVtF1uHG1HfLNqGwrFlUF1hA2v4BIOtijuD3p+upf1rhmQYUSuEZ+FfN2XdxhB/sY/SXLZhoCY0Iv3riVq8WwZfoRA6J2PZiGWmwx2UsTv0Mhac5Mz6VG1+5kMldCxj+ACbajWOWcIi2ZxEl7jUi2TTiW/FL66saGSzThwz6RYJpbOosnoaeExcxqdqO+fXlLVoZNoujhlMDuP3NGYrnOZqmZ6qzYmJ59mL55fdtaKZwTnS2J2zGQtOcmZ7qjY/VypwQoYMmXYfyYyVT8Ii2WN7f1gkm1m/dIg1RT7oLMblKIIZTg6vJEWyeYkucSkXyaaRQ6wF8MBDUimzqoQZzJKZ9z/mQfMTTXISQDbfm3uybBfRwUfxjuXM5EWyRxQuBZIVySa/PPf8lQE881ly4LOcGZwjfQnvDwOdTLy/6ZyS3cVTDbJjxZctCTPq/YU50qN7f9lJAFn0S/dccdlZ7NKT2Om4CaDhHe2yLRJ5SZrmZvC9uafXV2Vk5Of9lzqIWbItEnlpokm2SByMzHH8US99iXqrBGNWDTKD3j/PtzLC54LeP4s0t6XwJo6od5fMWg3B0KD3vzm295cVgiY4fA1K6X0vkW/IscatsKHB+gjJFoncZCLvT9PcwxphFt0XSkS+VSjm1VX3vHN60FhB4XlY2jHfy1Xg6dJJuBHKxdUyua/ji3rViwIybddpBJjVJG+ROLRLJJIheYvEId/baOh2yrhX8cW+U87tnA40fQIj4ogjgPOQCVdQZumJuW+tKq4GsW8WUXhz4Z1jaByabs7rgtrHfmFSbSk2opdiAclRp+KamHDueipk2qzpGFqVGRp6XU92MBR1JjYi9aSw2yeLq6LKG3/VXlxbdw2tqlro+PvIezemkokpI9Ps8X8UmvcGVvWXSisio0ucrf8eNH0PbBr15r10yGiMNqr+p6ARC0v+Cu5EyPy9s1p96ec9WH5gXfUXvSdDRk+66TT+G93T9LpkcVWJfb3vAchINjDaQ/t9qXWGe2ArlRdvH4KMjgME2u9saka3cgCwNMgItAaF1vg9nVpr6AGrpAGWDhnpns3O6HekZnaLnoFVpsU0wNIiIwPBuNtq/F7UjM7ewOgomczpH46MZJ73nRYzNQfb8fPMJArwIoHrU5KwIitkmmbdNToONIfcS4ORKMiLuLD76Je554dMo6+g6/7q1MwQr2krbY/MBhlJCYiptRp+/UJdVG8N/LyIB6scZGDZICNa33cotdEvhi1oXqxDPoUrEtMoC2RE5eeOOxiMRr8ANrNDMsggr2l1p556RykjZGQs2D13O50RF0dH/v8C2PRRdxjExXg9ZMNLyxAZVfm+0yXGFlLjePPcxLiKIVwkoJg+ZWRfXJkiI1qXGgPSR1ujVlAEXK6wjBGgRc2r8pyF//Ira2RENumiXYpNVA4Wp5utDh0Ww7QormnzLnaJLblyQEY1exgPCDeBWYeKdF0j9R4ZTwZjVQSwGK4frcf0AX6kckJGtb773h245tZxcAVEzM40E8HTDbPf6XQdVCIr+kZ7Yl2NvHBR5YiMyt7dVweUm0RdVy5CouCurRFj3e0OBkOHE0bl0Pox+P6QQ2f0K2dkVNb64ZlwA+C6QQ38GhJEe2FG/p5IbGvwdLfOcmiU6AjIuGa7x6fOkJLrIlwCsoEfWVHKrMJgFRv3D+vofcfZ6WjImKzZ7u652h1SdIMoXLHAKCrCatV9enw4hmn5dFxkjii5x++NLoEx5PgigO17JfViK0ZqWhw0nx9364NT7DR6EWSuLHtdfrh7fH5qkDGQ0KiEtHI0pVpVht3G0/3jAyF1XLMK6UWRBWRZ9my9Lu92u4eHO1cPD+Tv5fXMtqxjuapY/TrIfhv9QZZYf5Al1h9kifV/K8DkEqSzlXEAAAAASUVORK5CYII=',
        'PHP', 3),
       (7, false,
        'data:image/png;base64,iVBORw0KGgoAAAANSUhEUgAAAXEAAACJCAMAAADt7/hWAAAAflBMVEX///8ArNcAqtYAqNUAp9VhxePz+/3X8vkhs9vE6fRPweH8//8ArtgApdS55PL5/v+s3+/m9vug2u3p9/tuyOSi1uvS7vc7ud214vGo3e7m9/t8zOZ8yORsyOSQ1eqI0ukuuN2FzOaW0+p0y+VVw+LK6vSY2OvX7fal2OxFvt9UM8KAAAANCElEQVR4nN1da5OqOBC9JBFQEURcwXFFHB9z/f9/cAHHGXF4nM5LZ8+HrdqqOybdJJ1O9+nOnz+/Au4p+7uZFH7g1AiKyfZ9Ha6iZ8/r/wg3Xu8vwUxwVsK5gTmMcz4TxWYRT+1MJHJdN16Nx9k8C8fjVeK6lga2icg7jwLB+Z2qH8G5SDdm1/o0icN8M0p9JmqUQ5aYOX66zMPYNTm0XcTh1u9V9rfWRbHzzEzibbXYpoEQjJe76mHYap8J7k/y05uZwa3CzSaBQLT9KTxjaaZ7Dm/ZIQ14i6ofh+bBZZ7oHt0uVstqTdFQyp1r3OGnnV+eFP3KvtM6Z5NQ3+CWEc19QVX3p855rsWgT8cHJqifnAlH5xe3hyQP5PRdgwcL5Rl4u/Kwlhm8/OKHWIMKrCLZOWRz0pRapCuVCUTZhby67/DbdO7uAjV91zpnO2nT4i581QlwZ/N7bMs5wJ2TXqF9uWUenTV88MqyrTUrxhDGysvrTuidxAQWWvTtVPY8NXQ70InkqHBe/oRIqf5xKOkgtYIJmU9uFaEj5R30yByQLIt30frBZT65VbhLzfLWwO+g0U6fQbuBOWODGlPEyte8wK8i8zM6fmpm/Nyo1hRwNiFvBYGJnOvxkH6Cj14znLsVZuQtMQNUHk1MffBS5ekLuuZuYU7gcpUP3vlXuo/sBljwcjfQODC0oz/BB46vTP+R2QALXsxlOYHRUHmJnV4nMTes8HIC/ksZlrGpMwuUeGPSotwmkL5Q9js0r/DSrhw7xx9ZUHg5gYtFlfYjNL6la3T6iEcrCq+cRKtq7UZo4p7Zhlm7Kbel8PKbo1cxswjNueEPYH7b+HZMyhWzV7jwr2ytcKc9dnuwqHCHsef7iKb98AeJf4Srd9Z22HUCTz89o9Smwh02eRh/blfh5TZTT3irYWRV4eXZ1eSSeLYVXt7Ennvdz61LXNxH8RLTN90W/NhmVmHPTfmCuE/2XuwrvLQrT6Rsxc9YYnceoo27fQvS5wXLCxmFM8a5mF25xDLBAfGVgwslFV5xC3kNuQUj5rCGEk8RzZ+T8YS5CJaL7OQlyWo8fx/5dNrU1yKX2mGMC+FP9ud5lq0X78uUzkqsAreowkdcEc0bF3mJldKmi4evlqwnVJlv7grdLy0n4O/HzRCkt6aT5dBFvlE95ljDgLnUqw/3F618+OhMYxSJbf1nZDeJs7R9AsmZmBBvjzb8QKbuVzTW55Y2S97Hww9TVOdMsEvtEBM9ccbTc48jnRW0j46EVzzlc73JIRiTfo8XAy5V5g9KXB25xXL+qbeCNvd0YPzpIiAIhPjkkU+aYRt8+d8Tu0GHyj30LlrGZsFoHX9lYUhEDe4DLnQyIuwaIKB1nPWciOwT/cdmIzidEyQGGbKLTom54JNzowqO4qcwAdZb5DNcpOGzM5tXWN/j7+LvFf/c8P6FXYn9br/fb644HPYNK5jgCmfiAN4Y1m0qL791+n56/KeEQ4SncP0anlqxH0KkZAHw+8K6+avlpnOK3bhlga7g4WkMthUuleV4lgfvP+ZTCNjfhqUycf427FieE3gtBrSkzQq1VkJ7BWQ/4AgSI7LHrvkFxoQ/Wnx0/ukYPeNo37v+adRLXRJ/WA2wZ8gn1KDPdlYek5e8W9sVUM+QSVC/UZfALnkF3dSMrPDy9NrNh7YFusRZIMOiAoVjNg05em6xwkxYE1zizJEqsgfdMMA/1Ac002aIqHcClziXLAftvhc0fn2jV6o+xKhNUSqA7Qa47bl0ZeBwwKGSziI/CzxbhhnfcojBXb+VHgHKJX4TT1eHkXY0TvwptATM3cp2kMZVuMdT6KAQn1oZf0dJtGHWuGSDnoIp8lKEfXCl9C8UJhNXrSQGGFIPSaYtNIIpmwLeBdR2WIIMcXVWpiYYUk2yX4Qt8UJF4j5gjtJMrbgbGeRa8miETiAaPgeWShrY1FNXFm+QUVE4NmvMAT3WC7GbhKdgxXkzqYetsV5KR7xJfWkgoztc8UIYB8NjsH/Lf3gsbkgfcLlhcsOxxOjY9EmW9/j3hqZbjZ1bfReyKj4n/f0hhauHmVJgkNohj6atUB3/DivIV+0NaADrRxFC+e4FUHFsJSUWkBk99P2CeepaqixmBkxSfRQIUGS8L6IRKZXFYTZN3TM9ARovlEdBECEmoZclRklJS0JDINUb/rSsUB4FwQoK8vT4ZmQmFx06CN6IxjFilioQ++bwnhygsYYgd8NrKAF8Gx7G0hqHrlg9Fz4Xi4ooQTYufo8I2IqF+jAAoNg06/57C0tcLtf2ABcYqFAfZhhYpLbbbbKxxLX4yYhVkfAOP8bDaLKh3pBzr8cbt1ELKNUh8RGAhyCRBDrOxDBmjdwVcISXU/mnc0gaIVYOWgqjgJgwPZQAJlAbJDIoi98dVKExoCWh4+BEzhu+J/4m6Bg31QdlAEXnIgPiQ+r4WUguASBCSnZCsXThLbf0iTWUjuqi+qG0B0XoSPcBmR0qYQWlQDT3aI78VafGj1aqP3U4hzEwDjVAeXg8NrvI/I0YBbQxujT+ZqfeVYfGkTI+Thwn+fj4WK1OJWonMCyRZdmN1b8ocS6R503vUEnjthqhaLAqSHjcTms4TOPtJ6e1rgXqT/pEQDG2pYYIkMY7jhQLYdoaGnwVJNFliXcInZztNyCQ2aOOoeafAJB4naUiCSgQ1R4eh+saVKGeAYKuKpb441iOsmj7U2sNxNRJr5CUlmokEOZMueHayANwsZQq1HMziP3ry3PpBHZrFD/KL//YbKjFPtSEbC0rfURfnksnoDSn01pCeRIQ6VdR2/XwioYc82ItPSvpQSK37+s4nwziqIOpqpiSwAJOlsgqWEZCJWCqxYVU8sixHh3yJS9UgHT5Pk5WH5Z63iaTHf4PzAdn1t6qxTwO2RcAMFcIGF8+tALWvNhrhAAS1JlUrtHTFXmRv4FDfJy+pIt2gKtQbpHrK/AQkpbcA3s39fBDdANhQFaQ6UavscBDki/1Bm4yLXQBEAhzpgZ934V4Bx9geJl3wRKU2c5tNiFHk8OMmhjQ3AKXtd17+xGjrim32ukDTEiTKUvg8zb4pZT8RpUH3wW41VdS8UaeJFMeYhaUBfDpygraJpujcikX0hEBlnPWM8M33wL0EfgC3mOlyimJyC3eYVILIYYAQtQV7iDU3+rwTtaAkthgPnwx9Ah1BCo3WilQ7oW8QIypBz96KNY0di5IQZxSWuDaf1HPpfgUbPjB3ilqUZxrV1FKLomJDZCpoT1c+4T3aEnJHCaO/VYvJLzqWWc60DvYp36G+uX+iUe094wKTWokgOg4M7bpNqfjC8VGXX0EIl20v0ewt2S0m65iiwUpkGkQnI1aryPugtR3/GZAqRW4jPt5xzcPL5z4Yzbv99+gU32YCA7N9pzueFcQW9vfGtu75Ahj3dv/MUkShUv6OxKW6tseAfV7+SE0Fywd7d/zc75fpo4Q1M/2faHCXfL7PxfBKJ+vkqpjiJed9ymXeI6O2XbFb5AO8lXttlndVor+p9/ESpK3dPcL1VcXPGA1kVjqJ+zl2h7wjGeA7gm7m2e8u+TYjmA1YP/lo0ZWh27JteCZ7ywntiV+CERiRWO652A1Kv4IW8zkGx7rHuw+UXnFjB5x1wn1d0AIYD/4L1BdqV6IZ52an4CaN+lCSwmA7U3miKdcfe5h8fBsix0ZaezYNweLnZg7gJTKaBK21SeLtZBC1eZgGbZE5h0VTmOdqf+hOVjsfN0DkL6kKmxnSZm9B4fFayjczrvp3QonP+UnDfEKJuUK8yLzUU+mdEoJrivM4fmH5jcmhkXm297UtGvBYWEamidqxJSUISRDDBFDYBaVPNgTHw5vQ2Rylc2GLx2x4e6JnMzsMg5ztpRB1WRmG1bSn+yygaUZj4UHWODIpC1/TlJzGLlE+mpY2Am6nd2joV3Gi+cGC3uQ6dc4iYazMfHJmThY6Z8iB4/4+PkQwFeCvzDXH3DgwYv5KA9wibymfkDUtQZiArELAcaeey4yXalHxguZ8lspRkXnFNInkSRIcPXcP3kgmWo5kfhdPWDct/kOpAoydZk520kfV9HZ0fDNS30vXtEHb4erKDPnS6UbXrxUPU2Y8Bcv7KG0IDmQyW1fwpb6VraentIJzmaX7OUPzB8odS7jqjERnLUsLm80k7RtXGx/w3nZAnfnUGXuojtLIdkFdJ1zns5/3/L+wjSclEKDBe6MO+laL9kpyi6MULlWzSD/pcv7G/FiEgzSwyuyazGam4iHxufUAY4UxsqzcjS31ivFLJJwU/BK6616L0VlxXIdm/MM4nCTMtG512pusz/KV7/LNxlAlIzPy8K5NX6uXp6sOdwiSP/Nx65xwzl1w/wYlKOzSvGV6sv/lv9TTcg/7hcf/ytt32Hqjefrv//sNpvNbj3PxpaXlXua/33fjC6FHwT+ZbtbZ2NP0wz+A77M4s81pGUBAAAAAElFTkSuQmCC',
        'Go', 4),
       (8, false,
        'data:image/png;base64,iVBORw0KGgoAAAANSUhEUgAAASwAAACoCAMAAABt9SM9AAAAyVBMVEX///91dXUst/YCWJtBxP8FWp0BV5tycnJra2vi4uJvb29oaGiSkpJCx/84kskuwf/Q7v/W1tbO1+EAR466uroAU5ju7u5IvfSOjo6FhYUATpWgoKCwsLCqucvC6f99fX3ExMQASJTQ0NARc7Tt7e0Xfr6K1/9ayv+rq6ve3t7T09Og3v9tkLlgYGBjibWCn8KW1foAsfXZ8f9uz/9NotUdicUFbbCCxOp1nsazxNkpZqJGdqvV3+pUf7Dl6/KYr8wAP46Wx+iCsNHySmuTAAAIuklEQVR4nO3c/X+aRhwHcNBE8M7O2CpVsQOsbSBpatd1D2m3Ltv//0cNuAcOOLg7hJi+8v38FIiAvnNPHGcsCwKBQCAQCAQCgUAgEAgEAoFAIBAIBAKBQCAQCAQCgUAgEAgEAoFAID9gPt/++uLi+v3Vud/HD5Cr6/n8Is18fv353O/liSeluuCZ35777TzllKgyrffnfkdPNlUq0GqMhAq05JFTgZYkjVSgVU0bFWiVoqACrSJqKtCi0aICrSy6VKBlQtWbVnKH60H22l8u+jj9ULm6vnhhlF60pq4ti+MgFwe7aQ9XGCJffvvJMF9GPWg1YBExhIPw9Ev0nzej37crs0wu3/5x8nXbsHIvtOzh0/Wc7evR29WYZ9Ie9qLoz1Ovq8BKg+yn1nrdP7weFVoKqoJrHH048cIMyymlzIX9Xj5jS/wgi+5f5TItWVxLw4prbU/UoliBL2YduBghoXAF3mlXUWWGsj+Rq4d1H+VYREvLinOdqEWwnFl1v3cT2y73ctxh+8VZXpY1sb6uCFaqpUvVk1YTVv47H3MuPKiWCdbLaEyx6lpFo18vcj1otWGliTFrv9wha6IJ1tcJx5qXtMbV9K6lwLIOAS1cjt39IsoYYKUFi2OJWjWqOtfJWiqstKei/SVqec2pMcD6thKweE2UUlW5Tu4T1VjWDtOKuO96EWX0sf6KxiUsotVoJdf62PFtamBZO1q23I7XUEcf6+9VBSvTarEqc52opYNl+aTdQnG3a6ijjfU9GlexSnc+Ci22p6OWFpbFxg8NPaKXptPVWbSxPq7qWPNH09LDSkizhXb13+zWDsYuxthZ7250ruhNF4vkUN5HsRLVsaRgVbDUWpLxRSctPSz6aWxU3nuIXRfxG8lsCsyvjV09ErqVxDZ209wRl0OwyUPPQLfSNNyNfljJsAStSxZV0eqkpYl1IEXLFcuOJwzwORheVyokznBwkP+8CNgdFC1EU1y+cWc38g3DFFqwalhM61LMAFqaWNYm/0CO8BcPsVOlIlxh6UCyc5P9OCuOYFgNE0QN7+e4bcDKtS6raceamGvpYu1RZfTgN06E4VKnybE8WyiHnbC8aNyElWnVsKRawh5jLV0si9ZD1iatixkJlDVCLioaL1fU4li2WBA7YbGCJcNSacmKlrGWNhaphygkWz6zQnizXEw9b3qzC3gtE2siw/IL3bSN4m0WysPdaVzp+2EFS4qlrSXuMdTSxtrln4g2Wkt6B+TgWGjPpzPMtIq9FGuKKQdGaZ9n097Qi3d5SHfo+DuW0Krnn20r1mj+rq6lwJpELwfBIo0WaamthHRgaFPp+m7YJHXREZAdm3zs4eDZXjp61RqURpN2LE2t0o5Xw2DR5oWNtNbpplsfDXmoWrRYDcuOXR9qB5DoYBUFqwlLptVStAbE8kg9wmx7iZFs5EirW/EArWi1cX38z6KDtS0+ZRNWq5a0Hg6ERbvDoshMN9KX0bYtYNvcym15AKmBJRSsZiyJ1jmx1LPLbrkEMitpOWTRwFpNdLDqWufBIghuU7PD45dvijlW2zFqrPtIDyvVmvxAWGFeDxGbVmVWYdsxaqyxZsmqaT2NNqspiVvCYa176zFKrLRg6WJVtM6KVdvvJft9uN/zKSpyRt4d0pFD+wWUWH+v9LHK7dZZsA6uBOuwXGPskjsUFwfx3mrAaq+FaqxoYoBV0joLVkIH58Ku/QYj8e44vbXDs+Qgw1IMzlVY36PSaFKFJWqdBYu02866ODJwJRNajhvYMqz2fsEMq3EEL9M6CxYZERQPeHbyuT+WKlZ7v6BVDU2wuNa4hlXaMRAWNWAjglkxE+VkDVbWcDnDYX1bGWIxrfaCNRAWnYTHtDoJ81m2H+4XSbIP4w0uKmbPWPeRKRbRqhesx8BaUh2yFRbzWaXG6IY/w+gZyzIuWbnW+DxYlIA2WWzaSrIikD7r7xvr/kH4nHpYJa261XBYCzrKIlPwtJg50nmHRDp0OBXLOkbGWKKWvGANgxWQJ2GBuNUgMBBWpmWKVWhNHhErpHUrzLe86gRfKWT+uX+sVMsYi2lJrAbDojpsmoXVSTlAPBRWoaWPRbWaCtYQWKzahWSTDObtQP7iYXrDPMemx/cKrcaCNQAWfaDKp4pJ+95wzHSY3pDkKF1Fo9R6RCz28Jmv7m7FYuttBsGiWkZYolZt2NUzlseWKxcPHNqq4YI1bx2wkMai1WN1TamJ1nhgLL5WRlgFlLQ08Pw2qAtWqPGGj5ExVqq1lResXrFuAna/7IjlqHEdIF0RYYzl1xY0NecYGWPRslUvWP1heUub3xiXrBhJ/SsqG776wwxrV13Q1JZjZIyVa0msesHypmEcCOv6UPnGZs/Wepe1yAqILg08bQVlZVWS48MXU6zyXfXkJCzbcYsgnM+r20VqXzjkvxA+3cHPa6dD1yYZYbFRr8vO176I/PjOGGs0kt1Vd8NqC6p/tYL1eenv/P3B87xkuSE9gbORz8ErnqCxtg45cRguZ7j9yZl17IBVaE0Gw3Kk32ON+WHZGmXMFy07yJM+3VFhJUzfRvmUq6r1+veX7lqTobAQnskfNciXlDroIH8Uplwi4aPSiZRN/afOWpNBsNIyg3aNT2ViXD8i/3pwNyyhI9XC6q51ChZ2JMkemuLNrvUbD4ldeRTmkOaenNE1xRIfgWgNIrppvdqW8mCGtVnXMvPj5V7ja75hUDxkdRD2PeGMm5C+iKyovVOuJ0kHJA7XR3cab/3TaG6e/96U813jQj1lupw5+X+vsf2w4SUhidbpFr6dny2Itb6RfWvyr3voP/D5We+DDZZTvxLW/WzmWmfHOmOMtZ4zlrHWs8Yy1XreWIZazxzLTOu5YxlpPXssEy3AMtACLAMtwLL0tQAri6YWYOXR0wIsklutKRrAIvl8pZFHnL+CQCAQCAQCgUAgEAgEAoFAIBAIBAKBQCAQCAQCgUAgEAgEAoFAIBDI88v/8Ez78VkpQ3AAAAAASUVORK5CYII=',
        'Dart', 4),
       (9, false,
        'data:image/jpeg;base64,/9j/4AAQSkZJRgABAQAAAQABAAD/2wCEAAkGBw8NEA8PDQ8PDg4NDQ8PDg0ODQ8PDw8QFREWFhYRFRUYHSghGholGxUVITEhJSkrMC4uFx8zOD8sNygtLisBCgoKDg0OGRAQGi0dHx0rLS0tLS0tLSstLS0tNistLS0tLS0tLS0tLS0tLSstNy0rMC0tLTctLS0tLS0tNy03K//AABEIALcBEwMBIgACEQEDEQH/xAAbAAEAAgMBAQAAAAAAAAAAAAAAAQYDBQcEAv/EAD8QAAIBAgEIBggFAwMFAAAAAAABAgMEEQUGEiExQVFhEyIycYGxIzNSc5GhssE0QlNy0QdikhRD8SSiwuHi/8QAGAEBAQEBAQAAAAAAAAAAAAAAAAIDAQT/xAAdEQEBAQEBAAMBAQAAAAAAAAAAAQIRMRIhUQNB/9oADAMBAAIRAxEAPwDuIAAABgQAAAAAAAAAAAAAAEOSWrfwAkHjvsoUrfXXrQpY7It9d9y2v4Hltsv2lV6MLmOk9iqJwx5LFI7ynW2B86WG347j6OAAAAAAAAAAAAAAkEEgAAAAAAAAAwAIAAAAAAAAAGIASkltPiU96wSwxcnsSKzljO6jRxjbJV6uzTx9FHx/N4fE7J1y3ixXVzGlFzqzjTprbKTw8CnZYzybxhZx0U9TrzXWf7YvZ3v4FayhlCtcy0683N7lsjHlFbEeU0mEXT7q1ZTk5TlKcpPFyk22+9s+ACktzkbOS4tMI49LR/Sm3qX9st3dsLzkjLdC7XoZaNRLXRnqku7iuaOWkxk0002mnimng0+KZNzKqa47IpcdT4H0UDI+eFSnhC6TrQ/UWHSx7/a+T7y6WN9TuI6dCcakd+D60eTT1p95nZYuXr1ghSxJOOgAAAAAAABJBIAAAAAAAAAAAQAAAAAAiUktp4spZSo20dKvNQT7MFrnLuS1gexy3LWzT5Zzgt7TFTfS1V/sweOD/uexePwKrljO2tXxhQxt6WzU/SyXNrs9y+JXC5j9Rdfja5Yy/cXmKnLQp7qMMVHx9rxNUAaJAAHAAAAAAM1pdVKElOjOVOa/NF7uD4rkzCALvkfPGE8IXi0JbFXgnov9y3fNdxa6dVSSlFqcJLGM4NSTXHUcosbN1Xi9UFtfHkiyWF5O2w6J4RX5NsH4E3HfFTa7pkmqsMsU62Cl6Ko9zfVk+TNmpbnt8zOzi5evoAHHQAACSCQAAAAAAAAAAAgAAAAB47+8VGnVrS1qjBtLjLDUvJeJyq9u6lecqtWWlOb1vcuS4JcDoGdL/wCiufeU/rpnOTTCNAALQAHryXk6pd1FSpLW9cpPswjvkw681KnKbUYRcpSeCjFNtvkkWTJ2ZdxUwdaUaCf5e3P4J4L4lwyLkWjZRwprGbXXqyXXl/C5I2Rnd/ipn9VmhmTax7cqtR85qK+SM0szrJ7IVFzVWX3LACflVcioXeYtNr0FacXuVRKa+Kww+ZV8q5EuLT1sOpjgqsHpQfju8cDq581IKScZJSjJYOLWKa4NHZuuXMcZPXY2bqvF6oLa+PJFiy9mqqU+lpardvrw1t03wT9l/IwRikkksEtSSNZ9s79EYpJJLBLUkiQC3Asmb15KpGVKbxlTWlBvbo7MPD7lbNtmx69+6l5xI3Pp3N+1opy0knxPowWnZXIzmDYAAAkgkAAAAAAAAAAAIAAAAAV3On8Dc+8p/XTOdHRc6fwNz7yn9dM50a48Z69AAUkOoZr5JVpQSkvTVMJ1XvT3Q7l54lFzWs1Xu6MWsYwbqS7oa189E6kRu/4vMADWZx5T/wBHbzqLDTeEKaftvf4LF+BmtOVMu21o9GrU6+GPRwWlPxS2eJraWelpJ4NVoL2pU01/2ts57UqSm3KbcpSbcpN4tt72fJp8Ij5V2O1uadaKnSnGcJbJReKMpzrMq6qUqy1+gqvQmnscnqjJc09/A6KTqcVL181IKScZLFSTTT2NMpGULV0Kkqb2J4xfGL2MvJXs66Pqp73pQfmvud/nftO59K+ADdmG2zY9e/dS84mpNtmx69+6l5xJ147n1Y7PsmcwWfZM552wAABJBIAAAAAAAAAAAQAAAAArudP4K595T+umc6Oi50/gbn3lP66Zzo1x4z16AApK1/08p41q0vZoqP8AlL/5L6Ub+nL69yv7KT+cv5LyZb9aZ8Ckf1FrvSt6e5RnNrm2kvJ/Eu5Qv6hxfT0XudFpeE3j5oY9NeKoeuxs3VeL1QW18eSFjZuq8Xqgtr48kbuMUkklglqSRtIzIRUUktSWzDcZOmn7c/8AKR8A64ydPP25/wCcj5nUlLtSlLvk2fIAAA6Bts2PXv3UvOJqTbZsevfupecSdeO59WOz7JnMFn2TOedsAAASQSAAAAAAAAAAAEAAAAAK7nT+BufeU/rpnOjoudP4G595T+umc6NceM9egAKSsmYVfRunB/7tGSX7k1LyTOiHH8nXbt6tOtHbTmpYcVvXisUddo1Y1IxnB4xnFSi1vTWKZnufbTL7K7nlk1V6dKp+jN6WG1wlgn81EsR81IKScZLFSTTT3pky8rtnXP4xSSSWCWpJEm0yhkSrTbdNOpDc1rkuTX3R4oWVWTwVKpj+ySPRLGXK+KFPTnGPtSjH4vAsMs26e6pPxUX9hkTI8qclVrYKSXUht0ebfE3hlrf39Lzn9aB5tLdWfjT/APZq8q5O/wBM4rT09NN9nRww8S5lSzjradfBbKcVHx2vzR3Gra5qSRqwAaoDbZsevfupecTUm2zY9e/dS84k68dz6sdn2TOYLPsmc87YAAAkgkAAAAAAAAAAAIAAAAAV3On8Dc+8p/XTOdHS8v0HVtLqEVjJYVEt7UXGX/izmhpjxGvQAFoC65j5WlGPQVfVp+hm3sbeuHdjs78Cq2Fk6jxeqC38eSN3GKSSSwS1JIfHp3joQKtk3LsqSUaqc4LUpfnivuWC1vqVb1c4t+zjhL4PWZXNjWalekAEugIbwNdfZao0sVF9JP2YPFeL2HZOuW8ejKN7GhBze3ZCPtS4FKnNyblJ4uTbb4tma9vJ15aU3ySWyK4I85tnPGer0ABaQ22bHr37qXnE1Juc2IeknP8ALCm03zbT+zJ147n1YLPsmcwWS6iM552wAABJBIAAAAAAAAAAAQAAAAA8lxjTlpxWK2TjxX8lRy1mpp6VaxalFtt0McHF71HH6WXlrE8NWywenSbhLlv71vOy8cs65RUpyg3GcXGUXhKMk00+aZ6bCydV4vVBb+PJHQMoWtC5WheUtGS1Rrx1NeO7ueKNZe5FnQWMPSUktTgtaXNfdGudSoubGtjFJJJYJakkSAaIAABnp3taPZq1EuGnLD4GR5Tr/qz+OB5Ac5DrJVrzn25zl+6TfmYwAAAOgDPaWlSs9GnFy4vZFd7N1QybRt8HV9NV3U0uqvD7sm6kdmbWssMl1a+tLRh+pLZ4cTe0KcIRVChrWONSpxfAydHUrdvqQ/Tjw5vee2jRjBYRRjrVrSZ4+oRwSR9AEqAAAJIJAAAAAAAAAAACAAAAAAAAfFSkpLBo8Tt50XjSfV3weuL/AINgANHcWdG5ezoKz5dWT8n8maW+yfUoPrx6u6a1xfju8S317aNRa0eVqpSxTXS0ntjLW0uT39zLzuxNzKqAN9cZJpVsZW0tCS20pav+PmjS16E6T0akXGXB7+a4ms1KzssYwAU4AG0ssizmtOq+hprW3LVJruezxOWyEnWtp05TajFOUnsSWLNzbZFjBKd1LRW6lF63ybXkj327jBaFpDbtqyW37vyPTRstelUbnLjLWZX+n40mP1hpuc0oUY9DTXBJSf8AB6rezjDm97e09CWGwkzWAAAAAABIEEgAAAAAAAAAAABAAAAAAAAAAAEMkAeS4slLXHqyWyS1NHmrPVoXUFUhumlrXPV5o2hEop7QK1XyFpda2nGpF/lk8GuWP84GGlkCvJ9ZRgt7ck/kjfVMnRbxi3F8YtpkPJ7l25zkuDk2i/nU/CPHbUKNv6tdPWX53si/JeGs9cLWdR6VaWO9RWqK8D10beMF1UZSbeq5x8wpqOpI+gDgAAASQSAAAAAAAAAAAAAAAAAAAEEgAQAAAAAAAAAAAAAAAAAAAAAAAASAAAAAAAAAAAAAAAf/2Q==',
        'C', 5),
       (10, false,
        'data:image/png;base64,iVBORw0KGgoAAAANSUhEUgAAAUwAAACYCAMAAAC4aCDgAAABC1BMVEX////eNCM4DQkvAAArAAAiAAAtAACkmZjcIAAlAAD0xsPgSj3eMR40AAAxAAApAADlNiQdAAAjAADgRDfKwsIbAADa1NQzDAgmCQYqCgcwCwg2BgA1AwB2Y2KwpaT18/OCcXDFLh/x7u6ekZHm4uLUzs4WAAAAAABEEAtkFxBXOzmLe3rdJQzdLBiUhoXZMyJEHxxrVVR6Z2biUkbqjoeoJxteRUOWIxjAuLeEHxVaFQ5KKSfNMCCzKhz429nyvbrvqqXsmJJmTk1FIR5TNjSDHxVPEgz65uTuopzog3zlb2bmd3DjXFGjSUFtGhF1GxK7gX5rAAA3GRfLYFjdx8WMAADPQDTLJA97XFm+20baAAAPS0lEQVR4nO2de0OiWhfGFdgoTYCQmEoCKTqlaWplll3NqZnOnHrPea/f/5O8XFQ2m82tzHFm9vNfCgv4sfZt7bUskyEiIiIiIiIiIiIi+n319KNv4BfS3e2PvoNfR6f5rR99C7+K7rJHBOZK9HR6lN/OEpjv19PdSf4oa4nAfKduvlokt7NZAvOd0re+ZZckCcy3S9+6P8nnux5JAvNturn9dpyHXZLAfJNu7r6ddPNH3QBIAjOF9Jvb++edfBhHAjOR9Jutr9++d/PRHAnMSD3d3N6dPp9sJ6FIYAakPz3dbN3e3X/747s1vjgQE1IkMBd6Pjk52dk5znaPXII2wlQMCUxPOxa77TfiIzARfVoFRwLTFYG5QhGYKxSBuUIRmCsUgblCEZgr1NpgmuPGcDCatae1nlZa08OtW+uBafYowLGCwFsSWBEwg/H6HtFVrrbUh117HTBLU4VVKZ8ETujpH/VMWA05YS6Q+6hrfDxMfdgSqKBURtY+6qFwMpY3wfy8MJs8i0HpSB6t0Tl/Mpg3OPvjlhrG0mrswvqGop8J5nb+FGdeU8JRWtqT1kbToH8amN0stpE3o1laPadsftSTIfpZYBYKV3/irfMRbdwVz6+p3/wpYBYKx2eHFY7CtdcOg5ATaFrg/Z8Jo496NL82H6ZN8qVa2bU4KUGaddlHkpNGRqczHAFAw59/Xs/8fbNhFgrZ/fPLsk3SYdUP2G7Ajim3l9BKHWY5XRK4Nc02NxemA/KFKld3PVrBgZmCekzFx0zvSO7HXPu3HoAKVtO+Pj+sLl1yIVBETJsS9CXaloucRZqXPuy5AtowmAWX4+tBpVJFQFra5dHJ0ZhbfkkbgQuXOEqcrMstMxsE08ZY2L8+fzkol6vVAEdblYMjFGbO6zIlDLXi595HPRROGwDT8cb9M8sdy2WcP869srJ7XgiszTvL21cp3KXX6JaZHwrThpg9tpzxy+VBNQKjrWr54Py4EAx0eDD59ttvUDdNM+m8vm6a9bBj08CMshMlH0ynOReyV/vXZxcvl5RkUYzEaJOsVF+vrXMwUSPIMx/ecGdWR9AY9IEiSZICHmqNZtSherE3oCT32P6gVwyiSAbTsjNVFccO16810DE1RjtzgNljG+H5xavliZWyPcTEULRbd7VMvV5nC+6bCMBseLE3Kf17LtY4mRUWkytVYABjhPFEj2VlboBySAKzOJA5vx2xFvkOEf3jr79eDi8fD6hK2UYY64keyEr58Xx/QRIHUxOXR4tpZ+ZaHwQjyrQ0w7lKcYI5VgAT/7HxMMe4awpSOwXOUk2R6YCNWJAHX66PCwW4mw3AbHqrSZWtJ78j68wHeQ97ZV4aocNWfSrx+GOVGnxcHEyzDUKu2eqkuPW6NgIibmchhGP18eLsquAniYOpQ/E3fpLihjoKHo8tAfidvMiF3zk7gXqXGJhjjFcuJKYbP+taDQA2/BEWHMuPr2f7x0GQWJiZGWRQmCUNA9cnYvhNWAJD6GBNiQryCQ8ezWiYjcjAKz1LRdNSs9G2unEM0N2qPSQdHF6c7WfxHENgajAVXhokwmmycY2E8YJ2uZjgMz1NBrMnRVmxThkGTomVNTGYAZmZj2e7LsXq4+u5646hHENg6ozPbQRpEN+Xl5jo9mGLnc0dLmZThIJjAlEwczEsrelIyknSgkAzV/tbtlr07uOhTfGqEIsxDGYmx/lvSZD6ueiRyOSCo0CgITNzf/Nviqi0KAMJyL7u31t7RcAsInY4IKF2UvX5EMynm627f17vH2eTUgyHmZmgbrbHyLWIl6z3/SfwDOAEnhd9AyS7aOZT6F0JgOqMm9ZqqanVRGh2snTNCJgzBrbTX9gZyNBFpSQTpJstS7e3d1/vT/94/r6z7ZYJvCXIiYNpysHxwXrsRph7Dnx77IIy0krWuk6vl7SatOgzoNHAAIt3JE2hh63XPMrCoreLauaDxfHWdArq2M2B1+nTSeZH8zKVI7vM4q11FuEwMyUO0wWqjO+ePY3hvmtPGsJzSj3nZjMI8Mg6H4TZPuI3neVLUdUEMDM91w4zQW6r5oUXkgzoH53RYVLYhA7B50oLwRlJAhU4oCOpvtlOxsZvncLV0CMz6tISmLeC6KmRZtsBBvqxDi3iEqyIPz7XqCZhp4KCMkAXM/CeEY3btCxyNIU8U4kVZEwL9PI3wNzZOtGT9iLHS43gx4OlHVxIFtUasuDGArLju/ROPwUdckwBv+gw1UBvW+8bmAN7y/Ygz8e7GJgZU8DFqoMvJUrrSCnUOy386p/xNWXNGzZUJnmYCXtkbQmBSwgTb6e97PI3BablPgZAMzQd7bWgB/NuPLj/llJ1r69LDBOnkher2RyY1uP1aNzADq2062D5If/OLA8Tmt++B2ap7y0hNgmmpXE7kEBsP+xg8bXXygO7xmlULw7hoNybYdbHNQlajm0YTDe1PRDG4ObDkDdmqMHkkATS682i1htQnD8olxrm3I4q++1sHMyMvTOgoBNPxX1cbxZCp90DNse9wUSUAMd4mw5vgWnZmT5weDubCNPuPUU/zj03GNFf3j6XqpU3O5TCsQI+TJ4CZrOjKlwQ4mbDdDKNfGORm7vlDcBJ5scLaX1ARyaBJoOp56gYO5sK0xomZ764sbPu9eJgSuJJpsZjQnZvgKnRYlxa7ubCtIYbAN2oYvp2jFpJjQxAGALv8wQw9REmuIXaWSvMbjfd3ngDyoR1doIhz0xmQX8IK4rhuUmgAw6HWafCdmdhO+uEmf+U9ieHvdHbTZLzwm9Ssn3hGXazaE8QlVnJS4CIh9nH1nzZdtol76z1wSzspP/B4ZJHz8lFghaTiXbeOsgmJk+LHADCZKiZ8KQ1FmaNxdnhJ4Ztx1g3zELh+vXvNyRTe6UYe3YukrcxnCj/w/RtgtGyNOpo49Ii3yo5zFIL9kcWgKljZ/7temEWCvsXVLmqggHWfC9iluNFdpxtr+HyTwFvyy8D6uhYpoNEkpPDrEGNnKF7iJ31wSwUstcXB2U3+5XDhGibD0rEhrMXK3T2FqDcWDlBpwmNX6ATGPsSw9ShWYUULDReD0ynROCwApUIKAEChsJTSviuHuKZTe+xGEzMGxF0NMD0Ch66GJhF76VImLjf8KODw04y8fnhbtmfMScji8CxYHuHGl6BBvWZzq40NBDEb7h42SICzvkHSYPD3rCP3X+cfWBw2MltP7u4rJaDqYetf8F269P5hDq0Ag0aQQQnqwDqBenYdJRgO/aJiphnsrDfx7Rjr+tZJcx5cvuXy7Dcdunf8ApIU5auwU7xV/ZaEMU6YSJorkRJIQM6JtsFYMY4qBPAwISDUtCOGaajhmOsK4Hp5HXsn52/RCW3V3bPfMtJDRof2DZuPClCPT/nMoKz5vDxYePzool6MGVMr9wORto9VxbgneFpZKc4STf5jYDp5rdfn10cuqUWoTnFdrFFFqm2gAL+lCAGu/aib23udpFFeOqoBH2zPhKXH4e0WlcNKG9mARNKCuegQ71REJebAK0LcO8sHmbBq7Q4PKhW4tLbd6vlyzM7G9sP05cMpcozP856B+a2nFeO4IUdQPfVNSf0PacJTaQ41PF9SW3MnH5IUjgU32fRUc8XjOES7PG5MAsLHdtVAl8OH6lygkoL2yfLj+dXbnoXEjXyr9J4jh9qJfduzfGQ8325bNL+VY0gG17TMhvU3N3cGUzRcz6+76NuTn25d4v8NWgOBIOBGPP+grnSyG8nwSbff/57tW8BtOssXmyETpVAgkoLyq5aqRwuSAZh6qp/M1IVRKBINM8pAMmchtL1NH+iJA3YWk/TtMZQVbxcz5bNXodWgbxiNN33pJvaSEHiFkK/p1lNtA43FTDpaWPNsDzUhHPFpc78feslrY2mytOT2F+3MqefW1zFrbNIWGhBOSnZFbREAI1nlkC8HUfwvN5AU7AFVhRFZDPByTwdwMws6g/t0exBAGJwP1llFbtbfYDDyLxllnHKYNvwCTSgH9rtWZ8GmJzbPbYVGzQwe2xMxN4vC6R08Hp2heZuBoLDxVa8MUuiAZ80xafS+KR+ttpjE8n2VXk+9EcsnDGqF4h+OkPOGHnnUXYSRWCanb6UIP3ZqRGgDs+vsSUCwUh7MaQYxCcaySqaRpcH2HLHoEHyghsHphnItXbH73bCQhMqeTmTmRsBbHmAKxtjhXq5uL7KhmUTY7YtSnTsjfrKSxwNY7qHvZY7fOh01KtSYQ93Z081lL4LE5eQC10NtpOiNkwv9toBoE6RQNkptQgpWYmAmdGnobs0rmTM8igXUQZkeTK/GAVKUjhNgW9CY7ELE6lXWM4smxHlL0K/iW6vJJfebIxoIArzSovdg8Mv59f72STZ7fgNNY2O6ARDfuOu9MCFncFLNc+TS0JYSxcn9Yzh9ZHzeX0T6cQX0/RmaGEW19bhkS511WLGngj+7/Lli11pEV+wEgczozc4bMYWpdKtWljoOCeLOK/jwYNvlanjS/0Ep0BPZ7zwwHyRVJR81JZrnnob4OzQLfu8Oki3BeDcmO78O4avp3983+kWUlZaRMC0pI0kEcmU4FkgdKJyDXJ9ifXz5BmpHViFFNsKMhOxprPzd2Q+zN+iChahjfpAgZwZWkCOJxJqh+OMuR11vjmvhoVfFnr+fnJy8mnng/8dQ10zKA5wImNJ5GTAzND9gaCavb4siywtCALNioCbNbDwSx3KMmwfZh3FAWaqeatLbcIBADje8M4sGSyYG2Va8Kq+aah2jtHCDjvQvP4k13fsqEZMqsn6/h1DvTTWtFwjp42LSdNf6k2tYQxrQ6OhNSPCxWZR6xnDoWGtalDL9u8ooEv30txobox8Y45D7dQxdoLaIT/gvDoRmCsUgblCEZgrFIG5QhGYKxSBuUIRmCsUgblCEZgrFIG5QhGYK9QKYWL/HcNvpVXB3M7f/+hH+fFaDczt/DFp5CuBuX2UP0lfbPEr6r0wLZLH92lLgH5VvQtm9yj/6Z6MO0u9GaYFcvv5lvgkrLfA3LZ3357viEuiSgnT4fjpG/FIrJLD7Hbz+aOdb3c36/0Xhz+TEsC0vNFyx+7z6S3hGK0omNtdu1Ef7TzfE4yJhIG57ULM54+fT++2ngjGxFrA3HYQOgyz3y2ItzdkjEmtrJNilO9md06eT7/ebRGG79DWlsXvSSdtmYiIiIiIiIiIiIiIiIiIiIiIiIiIiIiIiIiIiIjoN9D/AdaaqOBa5nUZAAAAAElFTkSuQmCC',
        'Scala', 5);

insert into columns(id, name, board_id)
values (1, 'TO DO', 1),
       (2, 'IN PROGRESS', 1),
       (3, 'KICK BACK', 1),
       (4, 'FINAL REVIEW', 1),
       (5, 'COMPLETE', 1),
       (6, 'TO DO', 2),
       (7, 'IN PROGRESS', 2),
       (8, 'KICK BACK', 2),
       (9, 'FINAL REVIEW', 2),
       (10, 'COMPLETE', 2),
       (11, 'TO DO', 3),
       (12, 'IN PROGRESS', 3),
       (13, 'KICK BACK', 3),
       (14, 'FINAL REVIEW', 3),
       (15, 'COMPLETE', 3),
       (16, 'TO DO', 4),
       (17, 'IN PROGRESS', 4),
       (18, 'KICK BACK', 4),
       (19, 'FINAL REVIEW', 4),
       (20, 'COMPLETE', 4),
       (21, 'TO DO', 5),
       (22, 'IN PROGRESS', 5),
       (23, 'KICK BACK', 5),
       (24, 'FINAL REVIEW', 5),
       (25, 'COMPLETE', 5),
       (26, 'TO DO', 6),
       (27, 'IN PROGRESS', 6),
       (28, 'KICK BACK', 6),
       (29, 'FINAL REVIEW', 6),
       (30, 'COMPLETE', 6),
       (31, 'TO DO', 7),
       (32, 'IN PROGRESS', 7),
       (33, 'KICK BACK', 7),
       (34, 'FINAL REVIEW', 7),
       (35, 'COMPLETE', 7),
       (36, 'TO DO', 8),
       (37, 'IN PROGRESS', 8),
       (38, 'KICK BACK', 8),
       (39, 'FINAL REVIEW', 8),
       (40, 'COMPLETE', 8),
       (41, 'TO DO', 9),
       (42, 'IN PROGRESS', 9),
       (43, 'KICK BACK', 9),
       (44, 'FINAL REVIEW', 9),
       (45, 'COMPLETE', 9),
       (46, 'TO DO', 10),
       (47, 'IN PROGRESS', 10),
       (48, 'KICK BACK', 10),
       (49, 'FINAL REVIEW', 10),
       (50, 'COMPLETE', 10);

insert into user_workspace_roles(id, role_id_id, user_id_id, workspace_id_id)
values (1, 1, 1, 1),
       (2, 1, 2, 2),
       (3, 1, 3, 3),
       (4, 1, 4, 4),
       (5, 1, 5, 5);

insert into estimations(id, date_of_finish, date_of_start)
values (1, '2023-01-15', '2023-01-02'),
       (2, '2023-01-29', '2023-01-16'),
       (3, '2023-02-12', '2023-01-30'),
       (4, '2023-02-26', '2023-02-13'),
       (5, '2023-03-12', '2023-02-27'),
       (6, '2023-03-26', '2023-03-13');

insert into cards(id, archive, description, name, column_id, estimation_id)
values (1, false, '', 'Variables', 1, 1),
       (2, false, '', 'byte', 1, 1),
       (3, false, '', 'short', 2, 1),
       (4, false, '', 'int', 2, 1),
       (5, false, '', 'long', 3, 1),
       (6, false, '', 'float', 3, 1),
       (7, false, '', 'double', 4, 1),
       (8, false, '', 'char', 4, 1),
       (9, false, '', 'boolean', 5, 1),
       (10, false, '', 'reference types', 5, 1),
       (11, false, '', 'String', 6, 1),
       (12, false, '', 'Conditional statements', 6, 1),
       (13, false, '', 'If else', 7, 1),
       (14, false, '', 'Switch case', 7, 1),
       (15, false, '', 'Ternary operator', 8, 1),
       (16, false, '', 'Loops', 8, 2),
       (17, false, '', 'for', 9, 2),
       (18, false, '', 'while', 9, 2),
       (19, false, '', 'do while', 10, 2),
       (20, false, '', 'Arrays', 10, 2),
       (21, false, '', 'Object Oriented Programming', 11, 2),
       (22, false, '', 'Encapsulation', 11, 2),
       (23, false, '', 'Inheritance', 12, 2),
       (24, false, '', 'Polymorphism', 12, 2),
       (25, false, '', 'Abstraction', 13, 2),
       (26, false, '', 'Access modifiers', 13, 2),
       (27, false, '', 'StringBuilder', 14, 2),
       (28, false, '', 'StringBuffer', 14, 2),
       (29, false, '', 'Enum', 15, 2),
       (30, false, '', 'Exceptions', 15, 2),
       (31, false, '', 'Collection Framework', 16, 2),
       (32, false, '', 'List', 16, 2),
       (33, false, '', 'ArrayList', 17, 3),
       (34, false, '', 'LinkedList', 17, 3),
       (35, false, '', 'Vector', 18, 3),
       (36, false, '', 'Queue', 18, 3),
       (37, false, '', 'PriorityQueue', 19, 3),
       (38, false, '', 'Deque', 19, 3),
       (39, false, '', 'ArrayDeque', 20, 3),
       (40, false, '', 'Set', 20, 3),
       (41, false, '', 'HashSet', 21, 3),
       (42, false, '', 'LinkedHashSet', 21, 3),
       (43, false, '', 'SortedSet', 22, 3),
       (44, false, '', 'TreeSet', 22, 3),
       (45, false, '', 'Map', 23, 3),
       (46, false, '', 'HashMap', 23, 3),
       (47, false, '', 'LinkedHashMap', 24, 3),
       (48, false, '', 'Hashtable', 24, 3),
       (49, false, '', 'SortedMap', 25, 4),
       (50, false, '', 'Comparable,Comparator', 25, 4),
       (51, false, '', 'Equals,Hashcode', 26, 4),
       (52, false, '', 'Generics Wildcard', 26, 4),
       (53, false, '', 'Lambda', 27, 4),
       (54, false, '', 'Wrapper Class', 27, 4),
       (55, false, '', 'Byte', 28, 4),
       (56, false, '', 'Short', 28, 4),
       (57, false, '', 'Integer', 29, 4),
       (58, false, '', 'Long', 29, 4),
       (59, false, '', 'Float', 30, 4),
       (60, false, '', 'Double', 30, 4),
       (61, false, '', 'Character', 31, 4),
       (62, false, '', 'Boolean', 31, 4),
       (63, false, '', 'Git', 32, 4),
       (64, false, '', 'GitHub', 32, 4),
       (65, false, '', 'SQL', 33, 5),
       (66, false, '', 'PostgreSQL', 33, 5),
       (67, false, '', 'Java Database Connectivity', 34, 5),
       (68, false, '', 'Hibernate', 34, 5),
       (69, false, '', 'Cascade Types', 35, 5),
       (70, false, '', 'ALL', 35, 5),
       (71, false, '', 'DETACH', 36, 5),
       (72, false, '', 'MERGE', 36, 5),
       (73, false, '', 'REFRESH', 37, 5),
       (74, false, '', 'PERSIST', 37, 5),
       (75, false, '', 'REMOVE', 38, 5),
       (76, false, '', 'Fetch Types', 38, 5),
       (77, false, '', 'EAGER', 39, 5),
       (78, false, '', 'LAZY', 39, 5),
       (79, false, '', 'Generation Types', 40, 5),
       (80, false, '', 'AUTO', 40, 5),
       (81, false, '', 'TABLE', 41, 6),
       (82, false, '', 'SEQUENCE', 41, 6),
       (83, false, '', 'IDENTITY', 42, 6),
       (84, false, '', 'Spring Framework', 42, 6),
       (85, false, '', 'Bean', 43, 6),
       (86, false, '', 'HTML CSS', 43, 6),
       (87, false, '', 'Spring Model View Controller', 44, 6),
       (88, false, '', 'Spring Security In Memory', 44, 6),
       (89, false, '', 'Authentication', 45, 6),
       (90, false, '', 'Authorization', 45, 6),
       (91, false, '', 'Spring Security With DataBase', 46, 6),
       (92, false, '', 'Rest API', 46, 6),
       (93, false, '', 'Spring Security With JSON Web Token', 47, 6),
       (94, false, '', 'Annotations', 47, 6),
       (95, false, '', 'Create Entities', 48, 6),
       (96, false, '', 'Sign in/Sign up', 48, 6),
       (97, false, '', 'Sign up/Sign in auth with GOOGLE', 49, 6),
       (98, false, '', 'Swagger', 49, 6),
       (99, false, '', 'DataBase Initialization', 50, 6),
       (100, false, '', 'Test and interview', 50, 6);

insert into label(id, color, text)
values (1, 'Gray', 'TO DO'),
       (2, 'Red', 'IN PROGRESS'),
       (3, 'Orange', 'KICK BACK'),
       (4, 'Blue', 'FINAL REVIEW'),
       (5, 'Green', 'COMPLETE');

insert into checklists(id, percent, title)
values (1, '20%', 'Auth with GOOGLE'),
       (2, '35%', 'DataBase Initialization'),
       (3, '50%', 'Create Entities'),
       (4, '45%', 'Swagger'),
       (5, '60%', 'Sign in/Sign up'),
       (6, '55%', 'CRUD Workspace'),
       (7, '85%', 'CRUD Board'),
       (8, '30%', 'CRUD Column'),
       (9, '70%', 'CRUD Label'),
       (10, '80%', 'CRUD Checklist');

insert into attachment(id, attachment, date_of_start)
values (1, 'title.pdf', '2023-01-02'),
       (2, 'title.png', '2023-01-16'),
       (3, 'title.doc', '2023-01-30'),
       (4, 'title.zip', '2023-02-13'),
       (5, 'title.txt', '2023-02-27'),
       (6, 'title.jpg', '2023-03-13'),
       (7, 'title.jpeg', '2023-01-16'),
       (8, 'title.xml', '2023-02-13'),
       (9, 'title.gif', '2023-02-13'),
       (10, 'title.html', '2023-01-02');

insert into comments(id, date_of_start, text, cards_id)
values (1, '2023-01-09', 'I will do it only in a week,after the vocation', 97),
       (2, '2023-01-10', 'I will do it only in a week,after the vocation', 95),
       (3, '2023-01-13', 'I will do it only in a week,after the vocation', 99),
       (4, '2023-01-05', 'I will do it only in a week,after the vocation', 96),
       (5, '2023-01-06', 'I will do it only in a week,after the vocation', 98);

insert into items(id, is_done, text, checklist_id)
values (1, false, 'Finish before deadline', 1),
       (2, false, 'Finish before deadline', 2),
       (3, false, 'Finish before deadline', 3),
       (4, false, 'Finish before deadline', 4),
       (5, false, 'Finish before deadline', 5),
       (6, false, 'Finish before deadline', 6),
       (7, false, 'Finish before deadline', 7),
       (8, false, 'Finish before deadline', 8),
       (9, false, 'Finish before deadline', 9),
       (10, false, 'Finish before deadline', 10);

insert into notifications(id, date_of_write, status, text, board_id, card_id, column_id, from_user_id, user_id_id)
values (1, '2023-01-09', false, 'Appointed you  as an admin to workspace Peaksoft House', 1, 99, 4, 1, 2),
       (2, '2023-01-12', false, 'Moved to list done', 5, 98, 25, 3, 2),
       (3, '2023-01-09', false, 'My God,let me not burn out on this task', 7, 97, 31, 4, 2),
       (4, '2023-01-09', false, 'Added you to the board C', 9, 95, 42, 5, 2);

insert into cards_attachments(card_id, attachments_id)
values (91, 1),
       (92, 2),
       (93, 3),
       (94, 4),
       (95, 5),
       (96, 6),
       (97, 7),
       (98, 8),
       (99, 9),
       (100, 10);

insert into cards_checklists(card_id, checklists_id)
values (97, 1),
       (99, 2),
       (95, 3),
       (98, 4),
       (96, 5),
       (94, 6),
       (92, 7),
       (93, 8),
       (89, 9),
       (90, 10);

insert into cards_labels(card_id, labels_id)
values (95, 1),
       (96, 5),
       (97, 3),
       (98, 4),
       (99, 2);

insert into comments_users(comment_id, users_id)
values (1, 4),
       (2, 5),
       (3, 1),
       (4, 2),
       (5, 3);

insert into users_cards(users_id, cards_id)
values (1, 99),
       (2, 96),
       (3, 98),
       (4, 97),
       (5, 95);

insert into users_notification(user_id, notification_id)
values (1, 1),
       (3, 2),
       (4, 3),
       (5, 4);

insert into favourites(id, board_id, user_id, workspace_id)
values (1, 1, 1, 1),
       (2, 3, 2, 2),
       (3, 5, 3, 3),
       (4, 7, 4, 4),
       (5, 9, 5, 5);








